"aab-aalborg","AaB"
"aalesund","Aalesund"
"aarau","Aarau"
"aberdeen","Aberdeen"
"aberystwyth","Aberystwyth"
"abha-club-mahalah","Abha Club"
"abia-warriors","Abia Warriors"
"abm-galaxy","ABM Galaxy FC"
"aboomoslem","Aboomoslem"
"ac-lala-fc","AC LALA FC"
"ac-mamahira","AC Mamahira"
"ac-milan","AC Milan"
"ac-rangers-congo-dr","AC Rangers"
"academia-amadou-diallo","Academia F. Amadou Diallo"
"academia-cantolao","Academia Cantolao"
"academia-puerto-cabello","Academia Puerto Cabello"
"academia-quintana","Academia Quintana"
"academica-coimbra","Académica"
"academica-do-soyo","Académica do Soyo"
"academica-lobito","Académica Lobito"
"acs-fc-academica-clinceni","ACS FC Academica Clinceni"
"acs-poli-timisoara","ACS Poli Timişoara"
"ad-grecia-fc","AD Grecia FC"
"ad-municipal-liberia","AD Municipal Liberia"
"ad-union-magdalena","AD Unión Magdalena"
"adamawa-united","Adamawa United"
"adanaspor-fk","Adanaspor"
"adelaide-united","Adelaide United"
"admira-wacker-modling","Admira Wacker Mödling"
"ado-den-haag","ADO Den Haag"
"adr-jicaral-sercoba","Asoc. Dep. y Rec. Jicaral Sercoba"
"aduana-stars","Aduana Stars"
"adzope","Adzopé"
"ae-kouklion","AE Kouklion"
"ae-larissa","Larisa Ael"
"aek","AEK"
"aek-larnaca","AEK Larnaca"
"ael-limassol","AEL Limassol"
"aez-zakakiou","AEZ Zakakiou"
"afan-lido","Afan Lido"
"afc-bournemouth","AFC Bournemouth"
"afc-eskilstuna","AFC Eskilstuna"
"afc-hermannstadt-sibiu","AFC Herrmannstadt Sibiu"
"africa-sports","Africa Sports National"
"agf","AGF"
"aguila","Águila"
"aguilas","Águilas"
"aguilas-doradas-pereira","Águilas Doradas"
"aigle-royal","Aigle Royal"
"aik","AIK"
"ain-fakroun","Aïn Fakroun"
"air-force-central","Air Force Central FC"
"air-india","Air India"
"airbus-uk-broughton","Airbus UK Broughton FC"
"aizawl","Aizawl"
"ajaccio","Ajaccio"
"ajax-amsterdam","Ajax Amsterdam"
"ajax-cape-town","Ajax Cape Town"
"ajax-de-ouenze","Ajax"
"ajax-lasnamae","Ajax Lasnamäe"
"ajman-club","Ajman Club"
"akademik-sofia","Akademik Sofia"
"akhisar-belediye","Akhisar Belediye"
"akokana","Akokana"
"aktobe","Aktobe"
"akwa-starlets","Akwa Starlets"
"akwa-united","Akwa United"
"akzhaiyk-uralsk","Akzhaiyk Uralsk"
"al-adalh-al-hasa","AL Adalh FC"
"al-ahed","AL Ahed"
"al-ahli-club-dubai","Al Ahli"
"al-ahli-khartoum","Al Ahli Khartoum"
"al-ahli-sc-amman","Al Ahli SC Amman"
"al-ahli-sc-doha","Al Ahli"
"al-ahli-sc-jeddah","Al-Ahli"
"al-ahli-tripoli","Al Ahli Tripoli"
"al-ahli-wad-medani","Al Ahli Wad Medani"
"al-ahly","Al Ahly"
"al-ahly-benghazi","Al Ahly Benghazi"
"al-ahly-sc-merowe","Al Ahly Merowe"
"al-ahly-shendi","Al Ahly Shendi"
"al-ain-abu-dhabi","Al-Ain FC"
"al-ain-fc-al-bahah","Al-Ain FC"
"al-akhaa-al-ahli","Al Akhaa Al Ahli"
"al-amal","Alamal Atbara"
"al-amir-khartoum","Al Amir"
"al-ansar-medina","Al Ansar FC (Medina)"
"al-ansar-sc-beirut","AL Ansar SC"
"al-arabi","Al-Arabi Doha"
"al-asalah","Al Asalah"
"al-baqaa-sc","Al-Baqa'a SC"
"al-batin","Al Batin"
"al-bourj-fc","Al-Bourj FC"
"al-dhafra","Al-Dhafra"
"al-egtmaaey-tripoli","Al Egtmaaey Tripoli"
"al-ettifaq","AL Ettifaq FC"
"al-faisaly-fc-harmah","Al-Faisaly FC Harmah"
"al-faisaly-sc-amman","Al-Faisaly SC Amman"
"al-fallah-atbara","Al Fallah Atbara FC"
"al-fateh-fc","Al Fateh FC"
"al-feiha","Al Feiha"
"al-fujairah","Al Fujairah"
"al-garrafa","AL Gharafa"
"al-hazm","AL Hazem FC"
"al-hikma","Al-Hikma"
"al-hilal","Al Hilal"
"al-hilal-kaduqli","Al Hilal Kadougli"
"al-hilal-omdurman","Al Hilal Omdurman"
"al-hilal-port-sudan","Al Hilal Port Sudan"
"al-hussein-sc-irbid","Al-Hussein SC Irbid"
"al-islah-bourg-shamaly","Al Islah Bourg Shamaly"
"al-ittihad","Al Ittihad"
"al-ittihad-al-sakandary","Al-Ittihad Al-Sakandary"
"al-ittihad-club-tripoli","Al-Ittihad"
"al-ittihad-jeddah","Al Ittihad"
"al-ittihad-kalba","Al Ittihad Kalba"
"al-jaish","El Jaish (Doha)"
"al-jazeera-amman","Al-Jazeera Amman"
"al-jazira","Al-Jazira"
"al-khaleej-khor-fakkan","Khorfakkan Club"
"al-khaleej-saihat","Al-Khaleej Club"
"al-khartoum-al-watani","Al Khartoum SC"
"al-khor","Al-Khor"
"al-khuraitiat","Al-Kharitiyat"
"al-markhiya-sports-club","Al-Markhiya Sports Club"
"al-masry","Al Masry"
"al-mawrada","Al Mourada"
"al-merghani","Al-Mergheni"
"al-merreikh","Al-Merreikh"
"al-mesaimeer","Al Mesaimeer"
"al-mokawloon-al-arab","Al Mokawloon Al Arab"
"al-nabi-shayth","Bekaa SC"
"al-nahdha-dammam","Al Nahdha Dammam"
"al-nasr-fc-cairo","Al Nasr FC"
"al-nasr-sc-dubai","Al Nasr"
"al-nassr-fc-riyadh","Al Nassr"
"al-nejmeh","Nejmeh SC"
"al-nil","Al-Nil"
"al-oruba-club","Al-Orobah FC"
"al-qadsia","Al Qadsia"
"al-quadisiya","AL Qadisiyah FC"
"al-rabta-kosti","Al Rabta Kosti"
"al-raed","Al Raed"
"al-ramtha-sc","Al-Ramtha SC"
"al-rayyan","Al-Rayyan"
"al-sadd","Al-Sadd"
"al-safa","AL Safa"
"al-sailiya","Al-Sailiya"
"al-salt-jordan","Al-Salt"
"al-sareeh-sc","Al-Sareeh SC"
"al-shaab-sharjah","Al-Shaab"
"al-shabab-al-arabi-beirut","Al Shabab Al Arabi Beirut"
"al-shabab-al-arabi-dubai","Al Shabab"
"al-shabab-riyadh","Al Shabab"
"al-shahania-sports-club","Al-Shahania S.C."
"al-shamal","Al-Shamal SC"
"al-sharjah","Sharjah Cultural Club"
"al-sharkeyah","Al Sharkeyah"
"al-shimali","Al Shimali"
"al-shoalah","Al Shoalah (KSA)"
"al-shorta-al-qadarif","Al Shorta Al Qadarif"
"al-shorta-sc","AL Shorta SC"
"al-taawon","Al Taawon"
"al-wahda-abu-dhabi","Al Wahda"
"al-wahda-mecca","Al Wahda"
"al-wakra","Al-Wakra"
"al-wasl","Al Wasl"
"al-wehdat-sc","Al-Wehdat SC"
"al-yarmouk-fc","Al-Yarmouk FC"
"al-zawraa-bagdad","Zawra'A Club"
"alaab-damanhour","Ala'ab Damanhour"
"alacranes-del-norte","Alacranes del Norte"
"alaniya","Alaniya"
"alanyaspor","Alanyaspor"
"alaves","Deportivo Alaves"
"albirex-niigata","Albirex Niigata"
"alianza-atletico","Alianza Atlético"
"alianza-fc-panama-city","Alianza"
"alianza-fc-san-salvador","Alianza FC"
"alianza-lima","Alianza Lima"
"alianza-petrolera","Alianza Petrolera"
"alianza-universidad-huanuco","Alianza Universidad Huanuco"
"alkali-nassara","Alkali Nassara"
"alki","Alki"
"alki-oroklinis","Alki Oroklinis"
"all-boys","All Boys"
"almeria","Almería"
"alpha-united","Alpha United"
"altach-sc-rheindorf","Altach"
"aluminij","Aluminij"
"aluminium-arak","Aluminium Arak"
"aluminium-hormozgan","Aluminium Hormozgan"
"always-ready","Always Ready"
"amazulu","AmaZulu FC"
"america-aguilas","América"
"america-de-cali","América de Cali"
"america-mineiro","América Mineiro"
"amicale","Amicale FC"
"amidaus-professionals-fc","Amidaus Professionals FC"
"amiens-sc","Amiens SC"
"amkar-perm","Amkar Perm'"
"anagennisi-deryneia","Anagennisi Deryneia"
"anderlecht","RSC Anderlecht"
"andijan","Andijon"
"angers","Angers"
"ankaragucu","Ankaragücü"
"ankaran-hrvatini","Ankaran Hrvatini"
"annaba","Annaba"
"anorthosis","Anorthosis"
"antigua-guatemala","Antigua Guatemala"
"antofagasta","CD Antofagasta"
"anzhi-makhachkala","FC Anzhi Makhachkala"
"aok-kerkyra","AOK Kerkyra"
"apejes-fc","Apejes de Mfou"
"apep","APEP"
"apoel-nicosia","APOEL Nicosia"
"apollon-limassol","Apollon Limassol"
"apollon-smirnis","Apollon Smyrnis"
"apop-kinyras","APOP / Kinyras"
"arabe-unido","Árabe Unido"
"aragua-fc","Aragua FC"
"ararat-armenia","Ararat-Armenia FC"
"araz-naxcivan-pfk","Araz PFK"
"ards","Ards"
"arema","Arema"
"argentinos-juniors","Argentinos Juniors"
"aris-limassol","Aris Limassol"
"aris-thessaloniki","Aris Thessaloniki FC"
"arka-gdynia","MZKS Arka Gdynia"
"arles","Arles"
"armed-forces","Armed Forces"
"army-united","Army United"
"arnett-gardens-fc","Arnett Gardens FC"
"arouca","Arouca"
"arrows","Arrows"
"arsenal-de-sarandi","Arsenal de Sarandí"
"arsenal-kyiv","FC Arsenal Kiev"
"arsenal-london","Arsenal"
"art-municipal-jalapa","Art Municipal Jalapa"
"as-ain-mlila","AS Aïn M'lila"
"as-bamako","AS Bamako"
"as-eliwidj-fc","AS Eliwidj FC"
"as-eupen","Eupen"
"as-fan","AS-FAN"
"as-fortuna","AS Fortuna"
"as-future-of-timbuktu","AS Avenir de Tombouctou"
"as-kasserine","AS Kasserine"
"as-korofina","AS Korofina"
"as-loessi","AS Lossi"
"as-matelots","AS Matelots"
"as-nianan","AS Nianan"
"as-nika","AS Nika"
"as-nyuki-de-butembo","AS Nyuki de Butembo"
"as-police","AS Police"
"as-puma-generalena","AS Puma Generaleňa"
"as-real-bamako","AS Réal Bamako"
"as-sale","AS Salé"
"as-slimane","AS Slimane"
"as-tanda","AS Tanda"
"asa-luanda","Atlético Sport Aviação"
"asante-kotoko-sc","Asante Kotoko"
"asd-spezia-calcio-2008","ASD Spezia Calcio 2008"
"asec-mimosas","ASEC Mimosas"
"asgnn","ASGNN"
"ashanti-gold","Ashanti Gold FC"
"ashdod-sc","FC Ashdod"
"asi-dabengourou","ASI D'Abengourou"
"asm-oran","ASM Oran"
"aso-chlef","ASO Chlef"
"asociacion-mutual-crucero-del-norte","Crucero del Norte"
"assyriska","Assyriska"
"asteras-tripolis","Asteras Tripolis"
"aston-villa","Aston Villa"
"astra-ploiesti","Astra Ploieşti"
"aswan-fc","Aswan FC"
"asyut-petrol","Asyut Petrol"
"atalanta","Atalanta"
"atar-club","Atar Club"
"atenas","Atenas"
"athletic-bilbao","Athletic Bilbao"
"athletic-club-port-of-spain","Atheltic Club Port of Spain"
"athlone-town","Athlone Town"
"atlanta-united","Atlanta United FC"
"atlante","Atlante"
"atlas","Atlas"
"atletico-balboa","Atlético Balboa"
"atletico-chiriqui","Atlético Chiriquí"
"atletico-choloma","Atlético Choloma"
"atletico-de-kolkata","Atlético de Kolkata"
"atletico-do-namibe","Atlético do Namibe"
"atletico-el-vigia","Atlético El Vigía"
"atletico-goianiense","Atlético Goianiense"
"atletico-huila","Atlético Huila"
"atletico-junior","Junior FC"
"atletico-madrid","Atlético Madrid"
"atletico-marte","Atlético Marte"
"atletico-mineiro","Atlético Mineiro"
"atletico-nacional","Atlético Nacional"
"atletico-pr","Atlético PR"
"atletico-rafaela","Atlético Rafaela"
"atletico-san-luis-mexico","Atlético San Luis"
"atletico-socopo","Atletico Socopo"
"atletico-tucuman","Atlético Tucumán"
"atletico-venezuela","Atlético Venezuela"
"atletico-veraguense","Atlético Veragüense"
"atromitos","Atromitos"
"atvidaberg","Åtvidaberg"
"atyrau","Atyrau"
"auckland-city-fc","Auckland City"
"audax-italiano","Audax Italiano La Florida"
"augsburg","Augsburg"
"aurora","Aurora"
"austria-karnten","Austria Kärnten"
"austria-wien","Austria Wien"
"auxerre","Auxerre"
"avai-fc","Avaí FC"
"avenir-de-la-marsa","Avenir de La Marsa"
"avion-fc-du-nkam","Avion Fc Du Nkam"
"avispa-fukuoka","Avispa Fukuoka"
"ayacucho-fc","Ayacucho FC"
"ayia-napa","Ayia Napa"
"az-alkmaar","AZ Alkmaar"
"azal-pfc-baku","AZAL PFC Baku"
"azam","Azam"
"ba","Ba"
"babeti-ya-sika","Babeti ya Sika"
"bahia","Bahia"
"bakaridjan-de-baroueli","Bakaridjan de Barouéli"
"baki","Bakı"
"bala-town","Bala Town FC"
"bali-united-pusam","Bali United"
"balikesirspor","Balıkesirspor"
"ballinamallard-united","Ballinamallard United"
"ballymena-united","Ballymena United"
"balmazujvaros","Balmazújváros"
"bamboutos","Bamboutos"
"banfield","Banfield"
"banga-gargzdai","Banga Gargzdai"
"bangkok-glass","BG Pathum United"
"bangkok-united","Bangkok United"
"bangor-city","Bangor City"
"banik-ostrava","Baník Ostrava"
"baniyas-club","Baniyas"
"bantous","Bantous"
"bantu-rovers","Bantu Rovers"
"barbican-fc","Barbican FC"
"barcelona-sc-guayaquil","Barcelona SC"
"bari","Bari"
"barito-putera","Barito Putera"
"barnechea","Barnechea"
"baroka-fc","Baroka FC"
"barrio-mexico","Barrio México"
"barry-town","Barry Town United FC"
"basel","FC Basel"
"bassam","Usc Bassam"
"bate-borisov","BATE Borisov"
"bayamon-fc","Bayamón FC"
"bayelsa-united","Bayelsa United"
"bayer-leverkusen","Bayer Leverkusen"
"bayern-munchen","Bayern München"
"bbcu-fc","BBCU FC"
"bec-tero-sasana","Police Tero FC"
"becamex-binh-duong","Binh Duong"
"bechem-united","Bechem United"
"beijing-guoan","Beijing Guoan"
"beira-mar","Beira-Mar"
"beitar-jerusalem","Beitar Jerusalem FC"
"bekescsaba","Bekescsaba"
"belchatow","Bełchatów"
"belen-siglo-xxi","Belén Siglo XXI"
"belenenses","Belenenses"
"belgrano","Belgrano"
"bella-vista","Bella Vista"
"bellinzona","Bellinzona"
"belshina-bobruisk","Belshina Bobruisk"
"ben-guerdane","Ben Guerdane"
"bendel-insurance","Bendel Insurance"
"benevento","Benevento"
"benfica","Benfica"
"benfica-luanda","Benfica Luanda"
"benfica-lubango","Sport Lubango e Benfica"
"bengaluru-fc","Bengaluru FC"
"beni-khalled","Béni-Khalled"
"berane","Berane"
"berekum-arsenal","Berekum Arsenal"
"berekum-chelsea","Berekum Chelsea FC"
"beroe","Beroe"
"besiktas","Beşiktaş"
"bfc-daugava","BFC Daugavpils"
"bhayangkara-surabaya-united","Bhayangkara FC"
"bidvest-wits","Bidvest Wits"
"binacional-peru","Deportivo Binacional"
"birmingham-city","Birmingham City"
"bk-hacken","BK Häcken"
"black-leopards","Black Leopards"
"black-mambas","Black Mambas"
"black-rhinos","Black Rhinos"
"blackburn-rovers","Blackburn Rovers F.C."
"blackpool","Blackpool"
"blessing-fc-kolwezi","Blessing FC"
"bloemfontein-celtic","Bloemfontein Celtic"
"blooming","Blooming"
"bnei-sachnin","Bnei Sakhnin"
"bnei-yehuda-tel-aviv","Bnei Yehuda Tel Aviv FC"
"boavista","Boavista"
"boca-juniors","Boca Juniors"
"bochum","Bochum"
"bodo-glimt","Bodø / Glimt"
"bohemian-fc","Bohemian FC"
"bohemians-1905","Bohemians 1905"
"bolivar","Bolívar"
"bologna","Bologna"
"bolognesi","Bolognesi"
"bolton-wanderers","Bolton Wanderers"
"bontang-pkt","Bontang PKT"
"borac-banja-luka","Borac Banja Luka"
"borac-cacak","Borac Čačak"
"bordeaux","Bordeaux"
"borussia-dortmund","Borussia Dortmund"
"borussia-monchengladbach","Borussia Mönchengladbach"
"boston-river","Boston River"
"botafogo-fc-de-douala","Botafogo FC"
"botafogo-rj","Botafogo RJ"
"botev-plovdiv","Botev Plovdiv"
"botev-vratsa","Botev Vratsa"
"botosani","Botoşani"
"bouake-fc","Bouaké FC"
"boulogne","Boulogne"
"boyaca-chico-fc","Boyacá Chicó FC"
"boys-town-fc","Boys' Town"
"braga","Braga"
"brann","SK Brann"
"brasilia","Brasilia"
"brasov","Braşov"
"bray-wanderers","Bray Wanderers"
"brescia","Brescia"
"brest","Brest"
"brighton-hove-albion","Brighton & Hove Albion"
"brisbane-roar-fc","Brisbane Roar FC"
"brommapojkarna","Brommapojkarna"
"brondby","Brøndby"
"brong-ahafo-stars","Brong Ahafo Stars"
"brujas","Brujas"
"bsk-borca","BSK Borča"
"bucaspor","Bucaspor"
"budafoki-mte","Budafoki MTE"
"buducnost-podgorica","Budućnost"
"buffaloes-fc","Buffaloes FC"
"buildcon-ndola","Buildcon"
"bukavu-dawa","Bukavu Dawa"
"bukola-babes","Bukola Babes"
"bunyodkor-tashkent","Bunyodkor Tashkent"
"buriram-united","Buriram United"
"burnley","Burnley"
"bursaspor","Bursaspor"
"busan-ipark","Busan I'Park"
"buxoro","Buxoro"
"ca-batna","CA Batna"
"ca-bizertin","CA Bizertin"
"ca-bordj-bou-arreridj","CA Bordj Bou Arreridj"
"ca-independiente-avellaneda","Independiente"
"ca-nueva-chicago","Nueva Chicago"
"ca-palmaflor","CA Palmaflor"
"ca-san-martin-de-tucuman","San Martín de Tucumán"
"cabinda","Cabinda"
"cadiz-club-de-futbol","Cádiz CF"
"caen","Caen"
"caernarfon-town-fc","Caernarfon"
"caersws","Caersws"
"cagliari","Cagliari"
"caguas-huracan","Caguas Huracán"
"caiman-douala","Caïman Douala"
"caledonia-aia","Caledonia AIA"
"cambuur","Cambuur"
"canon-buromeca","Canon Buromeca"
"canon-sportif","Canon Sportif"
"canterbury-united","Canterbury United"
"capaco","Capaco"
"caps-united","CAPS United"
"carabobo-fc","Carabobo FC"
"caracas","Caracas"
"carcha","CSyD Carchá"
"cardiff-city","Cardiff City"
"cardiff-met-university","Cardiff Met University"
"carlos-a-mannucci","Carlos A. Mannucci"
"carmarthen","Carmarthen"
"carolina-gigantes","Carolina Gigantes"
"caroni","Caroní"
"carpi","Carpi"
"carrick-rangers","Carrick Rangers"
"cartagines","Cartaginés"
"cas-de-sevare","CAS de Sévaré"
"catania","Catania"
"cavalier-sc","Cavaliers FC"
"cd-america-de-quito","CD America de Quito"
"cd-audaz","CD Audaz"
"cd-aves","CD das Aves"
"cd-chalatenango","CD Chalatenango"
"cd-fas","CD FAS"
"cd-honduras-progreso","C.D. Honduras Progreso"
"cd-jaguares-de-cordoba","CD Jaguares"
"cd-plaza-amador","CD Plaza Amador"
"cd-real-de-minas-tegucigalpa","CD Real de Minas"
"cd-river-plate-ecuador","River Plate Ecuador"
"cd-santa-clara","CD Santa Clara"
"cd-sonsonate","CD Sonsonate"
"cd-universitario-panama","Union Deportivo Universitario"
"cd-ut-cajamarca","CD UT Cajamarca"
"cd-vida","CD Vida"
"ceahlaul-piatra","Ceahlăul Piatra"
"ceara","Ceará SC"
"cefn-druids","Cefn Druids AFC"
"celik-niksic","Čelik Nikšić"
"celik-zenika","Čelik Zenica"
"celta-vigo","Celta Vigo"
"celtic","Celtic"
"central","Central"
"central-coast-mariners","Central Coast Mariners FC"
"central-espanol","Central Español"
"central-sport-papeete","Central Sport"
"centre-salif-keita","Centre Salif Kéita"
"centro-italo","Centro Ítalo"
"centro-sportivo-alagoano","CS Alagoano AL"
"cercle-bruges","Cercle Brugge"
"cerezo-osaka","Cerezo Osaka"
"cerrito","Cerrito"
"cerro","C.A. Cerro"
"cerro-largo","Cerro Largo"
"cerro-porteno","Cerro Porteño"
"cerro-porteno-pf","Cerro Porteño PF"
"cesena","Cesena"
"ceske-budejovice","České Budějovice"
"cfr-cluj","CFR Cluj"
"chabab-atlas-khenifra","Chabab Atlas Khénifra"
"chabab-rif-al-hoceima","Chabab Rif Al Hoceima"
"chacarita-juniors","Chacarita Juniors"
"chainat-fc","Chainat FC"
"changchun-yatai","Changchun Yatai"
"chapecoense-af","Chapecoense AF"
"chapungu-united","Chapungu United"
"chaves","Chaves"
"chelsea-london","Chelsea FC"
"chengdu-blades","Chengdu Blades"
"chennai-city-fc","Chennai City FC"
"chennaiyin-fc","Chennaiyin FC"
"chepo-fc","Chepo FC"
"cherno-more-varna","Cherno More Varna"
"chernomorets-burgas","Chernomorets Burgas"
"chiangmai-fc","Chiangmai FC"
"chiangrai-united","Chiangrai United"
"chicago-fire","Chicago Fire"
"chicken-inn-fc","Chicken Inn FC"
"chievo-verona","Chievo Verona"
"chikhura","Chikhura"
"chinandega-fc","Chinandega FC"
"chippa-united","Chippa United"
"chirag-kerala","Chirag Kerala"
"chiredzi-fc","Chiredzi FC"
"chivas-usa","Chivas USA"
"chonburi-fc","Chonburi FC"
"chongqing-lifan","Chongqing Lifan"
"chornomorets-odesa","Chornomorets Odesa"
"chorrillo-fc","Chorrillo"
"chunnam-dragons","Jeonnam Dragons"
"churchill-brothers","Churchill Brothers SC"
"cibalia","Cibalia"
"cibao","Cibao"
"ciclon-bolivia","Ciclon"
"cienciano","Cienciano"
"clan-juvenil","Clan Juvenil"
"cliftonville","Cliftonville"
"club-africain","Club Africain"
"club-athletic-youssoufia-berrechid","Youssoufia Berrechid"
"club-atletico-aldosivi","Aldosivi"
"club-atletico-bucaramanga","Club Atlético Bucaramanga"
"club-atletico-central-cordoba-de-santiago","CA Central Cordoba"
"club-atletico-grau","Club Atlético Grau"
"club-atletico-pantoja","Club Atletico Pantoja"
"club-atletico-progreso","Club Atletico Progreso"
"club-atletico-sarmiento","Sarmiento"
"club-atletico-temperley","Temperley"
"club-atletico-torque","Club Atletico Torque"
"club-brugge","Club Brugge"
"club-deportivo-maldonado","Club Deportivo Maldonado"
"club-deportivo-santani","Deportivo Santaní"
"club-olympique-de-medenine","Club Olympique de Médenine"
"club-petrolero","Club Petrolero"
"club-river-plate-asuncion","Club River Plate"
"club-sando","Club Sando"
"club-sport-herediano","Club Sport Herediano"
"club-sportivo-san-lorenzo","Sportivo San Lorenzo"
"cni","CNI"
"co-bouafle","CO Bouafle"
"co-korhogo","CO Korhogo"
"coatepeque","Coatepeque"
"coban-imperial","Coban Imperial"
"cobreloa","Cobreloa"
"cobresal","Cobresal"
"cobresol","Cobresol"
"codm-meknes","CODM Meknès"
"coleraine","Coleraine"
"colo-colo","Colo Colo"
"colombe-du-dja-et-lobo","Colombe du Dja et Lobo"
"colon-c-3","Colón C-3"
"colon-santa-fe","Colón Santa Fe"
"colorado-rapids","Colorado Rapids"
"columbus-crew","Columbus Crew"
"comerciantes-unidos","Comerciantes Unidos"
"concordia-chiajna","Concordia Chiajna"
"connahs-quay","Connah's Quay"
"consadole-sapporo","Consadole Sapporo"
"coquimbo-unido","Coquimbo Unido"
"cordoba-cf","Córdoba CF"
"corinthians","Corinthians"
"coritiba","Coritiba"
"cork-city","Cork City"
"corona-brasov","Corona Braşov"
"cortulua","Cortuluá"
"cosmos-de-bafia","Cosmos de Bafia"
"costa-del-este-fc","Costa del Este"
"costuleni","Costuleni"
"coton-sport-garoua","Coton Sport"
"cr-belouizdad","CR Belouizdad"
"cr-khemis-zemamra","Renaissance Club Zemamra"
"cracovia-krakow","Cracovia Kraków"
"criciuma","Criciúma"
"croatia-sesvete","Croatia Sesvete"
"crotone","Crotone"
"crown-fc","Crown FC"
"crusaders","Crusaders"
"cruz-azul","Cruz Azul"
"cruzeiro","Cruzeiro"
"crvena-zvezda","FK Red Star Belgrade"
"crystal-palace","Crystal Palace"
"cs-constantine","CS Constantine"
"cs-hammam-lif","CS Hammam-Lif"
"cs-makiso","CS Makiso"
"cs-petrocub","CS Petrocub"
"cs-sfaxien","CS Sfaxien"
"cs-universitatea-craiova","CS Universitatea Craiova"
"cs-uruguay","CS Uruguay"
"csd-comunicaciones","CSD Comunicaciones"
"csd-defensa-y-justicia","Defensa y Justicia"
"csd-municipal","CSD Municipal"
"cska-moskva","CSKA Moskva"
"cska-sofia","PFC CSKA-Sofia 1984"
"csms-iasi","CSMS Iaşi"
"cucuta-deportivo","Cúcuta Deportivo"
"cuiaba","Cuiaba"
"cukaricki","Čukarički"
"cunupia-fc","Cunupia FC"
"curico-unido","Curicó Unido"
"cusco-fc","Cusco FC"
"dacia-buiucani","Dacia Buiucani"
"dacia-chisinau","Dacia Chisinau"
"daegu-fc","Daegu FC"
"daejeon-citizen","Daejeon Citizen"
"dainava-alytus","Dainava Alytus"
"dalian-aerbin","Dalian Professional FC"
"dalian-shide","Dalian Shide"
"dalkurd-ff","Dalkurd FF"
"damac-fc-khamis-mushait","Damac FC"
"damash","Damash"
"dan-kassawa","Dan Kassawa"
"danubio","Danubio"
"darmstadt","Darmstadt"
"dauphins-noirs","Dauphins Noirs"
"dc-united","DC United"
"de-graafschap","De Graafschap"
"debo-club","Debo Club"
"debrecen","Debrecen"
"decic","Dečić"
"defence-force","Defence Force FC"
"defensor-la-bocana","Defensor La Bocana"
"defensor-sporting","Defensor Sporting"
"delfin-sc","Delfin SC"
"delhi-dynamos-fc","Delhi Dynamos FC"
"deltras-sidoarjo","Deltras Sidoarjo"
"dempo-sc","Dempo SC"
"denguele-sport","Denguélé Sport"
"denizlispor","Denizlispor"
"deportes-iquique","Deportes Iquique"
"deportes-quindio","Deportes Quindío"
"deportes-temuco","Deportes Temuco"
"deportiva-carmelita","Deportiva Carmelita"
"deportivo-achuapa","Deportivo Achuapa"
"deportivo-anzoategui","Deportivo Anzoátegui"
"deportivo-cali","Deportivo Cali"
"deportivo-capiata","Deportivo Capiatá"
"deportivo-carapegua","Deportivo Carapeguá"
"deportivo-chiantla","Deportivo Chiantla"
"deportivo-cuenca","Deportivo Cuenca"
"deportivo-heredia","Deportivo Heredia"
"deportivo-la-coruna","Deportivo La Coruña"
"deportivo-la-guaira-real-esppor","Deportivo La Guaira FC"
"deportivo-lara","Deportivo Lara"
"deportivo-las-sabanas","Deportivo Las Sabanas"
"deportivo-llacuabamba","Deportivo Llacuabamba"
"deportivo-los-caimanes","Deportivo Los Caimanes"
"deportivo-malacateco","Deportivo Malacateco"
"deportivo-marquense","Deportivo Marquense"
"deportivo-mixco","Deportivo Mixco"
"deportivo-municipal","Deportivo Municipal"
"deportivo-ocotal","CD Ocotal"
"deportivo-pasto","Deportivo Pasto"
"deportivo-pereira","CS Deportivo Pereira"
"deportivo-petapa","CD Petapa"
"deportivo-petare","Deportivo Petare"
"deportivo-quevedo","Deportivo Quevedo"
"deportivo-quito","Deportivo Quito"
"deportivo-sanarate","Deportivo Sanarate"
"deportivo-saprissa","Deportivo Saprissa"
"deportivo-savio","Deportivo Savio"
"deportivo-tachira","Deportivo Táchira"
"deportivo-walter-ferreti","Deportivo Walter Ferretti"
"deportivo-xerez","Deportivo Xerez"
"deportivo-zulia","Deportivo Zulia"
"derry-city","Derry City"
"desportivo-huila","Desportivo Da Huíla"
"destroyers","Destroyers"
"diables-noirs","Diables Noirs"
"diaraf","Diaraf"
"dibba-al-fujairah","Dibba Al-Fujairah Club"
"difaa-el-jadida","Difaâ El Jadida"
"differdange-03","Differdange 03"
"dijon","Dijon"
"dila-gori","Dila Gori"
"dinamo-auto","Dinamo-Auto"
"dinamo-bender","Dinamo Bender"
"dinamo-bucuresti","Dinamo Bucureşti"
"dinamo-minsk","Dinamo Minsk"
"dinamo-moskva","Dinamo Moskva"
"dinamo-samarkand","Dinamo Samarkand"
"dinamo-tbilisi","Dinamo Tbilisi"
"dinamo-vranje","Dinamo Vranje"
"dinamo-zagreb","Dinamo Zagreb"
"diosgyori-vtk","Diósgyör"
"diriangen-fc-los-caciques","Diriangén FC"
"diyarbakirspor","Diyarbakirspor"
"djoliba-ac","Djoliba AC"
"djurgarden","Djurgården"
"dnepr-mogilev","Dnepr Mogilev"
"dnipro-dnipropetrovsk","Dnipro Dnipropetrovsk"
"dolphins-fc","Dolphins FC"
"domant-fc","Domant FC"
"domzale","Domžale"
"don-bosco-lubumbashi","Don Bosco SC"
"dongo","Dongo"
"dorados-sinaloa","Dorados Sinaloa"
"douala-ac","Union Douala"
"douanes-niamey","Douanes Niamey"
"douglas-warriors","Douglas Warriors"
"doxa-dramas","Doxa Dramas"
"doxa-katokopia","Doxa Katokopia"
"dragon-de-yaounde","Dragon de Yaoundé"
"dragon-papeete","Dragon"
"dragon-san-miguel","Dragón"
"dragons-kinshasa","Dragons"
"drava","Drava"
"drb-tadjenanet","DRB Tadjenanet"
"dreams-fc","Dreams FC"
"drogheda-united","Drogheda United"
"dsc-arminia-bielefeld","DSC Arminia Bielefeld"
"dsk-shivajians","DSK Shivajians"
"dubai-club","Dubai Club"
"dubnica","Dubnica"
"duguwolofila","Duguwolofila"
"dukla-banska-bystrica","Dukla Banska Bystrica"
"dukla-praha","Dukla Praha"
"dunajska-streda","Dunajska Streda"
"dunaujvaros-palhalma","Dunaújváros Pálhalma SE"
"dunav-ruse","Dunav Ruse"
"dunbeholden-fc","Dunbeholden FC"
"dundalk","Dundalk FC"
"dundee-fc","Dundee FC"
"dundee-united","Dundee United"
"dunfermline-athletic","Dunfermline Athletic"
"dungannon-swifts","Dungannon Swifts"
"dynamo-kyiv","Dynamo Kyiv"
"dynamos-harare","Dynamos"
"eagles","Eagles"
"east-bengal-club","East Bengal Club"
"eastern-sports-club","Eastern Sports Club"
"eastern-stars","Eastern Stars"
"eastern-suburbs","Eastern Suburbs"
"ebusua-dwarfs","Ebusua Dwarfs"
"eding-sport-fc","Eding Sport FC"
"efym","EFYM"
"eger","Eger"
"egs-gafsa","EGS Gafsa"
"eintracht-braunschweig","Eintracht Braunschweig"
"eintracht-frankfurt","Eintracht Frankfurt"
"ekranas","Ekranas"
"el-ahli-atbara","Al-Ahli Atbara"
"el-dakhleya","El Dakhleya"
"el-dorado-dr-congo","El Dorado"
"el-entag-el-harby","El Entag El Harby"
"el-geish","El Geish"
"el-gounah","El Gounah"
"el-kanemi-warriors","El Kanemi Warriors"
"el-mansura","El Mansura"
"el-minya-fc","El Minya"
"el-nacional-ecuador","El Nacional"
"el-nasr-tadeen","El Nasr Tadeen"
"el-nsoor","El Nsoor"
"el-raja-marsa-matruh","El Raja"
"el-tanque-sisley","El Tanque Sisley"
"el-vencedor-santa-elena","CD EL Vencedor"
"el-zamalek","El Zamalek"
"elazigspor","Elazığspor"
"elche","Elche"
"eleven-wise","Eleven Wise"
"elfsborg","Elfsborg"
"elima","Elima"
"elmina-sharks","Elmina Sharks"
"emelec","Emelec"
"emirates-club","Emirates Club"
"empoli-fc","Empoli FC"
"enosis-paralimni","Enosis Paralimni"
"enppi","ENPPI"
"enugu-rangers","Enugu Rangers"
"envigado","Envigado"
"enyimba","Enyimba"
"eo-sidi-bouzid","EO Sidi Bouzid"
"erakor-golden-star","Erakor Golden Star"
"ergotelis","Ergotelis"
"ermis-aradippou","Ermis Aradippou"
"erzurum-buyukehir-belediyespor","Erzurum BB"
"es-bingerville","ES Bingerville"
"es-setif","ES Sétif"
"esan-united","Esan United"
"esbjerg-fb","Esbjerg fB"
"eskisehirspor","Eskişehirspor"
"espanyol","RCD Espanyol"
"esperance-de-tunis","Esperance de Tunis"
"espoir","Espoir"
"espoli","ESPOLI"
"esteghlal","Esteghlal"
"esteghlal-ahvaz","Esteghlal Ahvaz"
"esteghlal-khuzestan","Esteghlal Khuzestan FC"
"estoril","Estoril"
"estudiantes","Estudiantes"
"estudiantes-de-caracas","Estudiantes de Caracas"
"estudiantes-de-merida","Estudiantes de Mérida"
"estudiantes-tecos","Estudiantes Tecos"
"etar","Etar"
"ethnikos-achnas","Ethnikos Achnas"
"etoile-du-sahel","Etoile du Sahel"
"etoile-metlaoui","Etoile Metlaoui"
"everton-fc-liverpool","Everton FC"
"everton-vina-del-mar","Everton CD"
"evian-tg","Evian TG"
"excelsior","Excelsior"
"f91-dudelange","F91 Dudelange"
"fajardo","Fajardo"
"fajr-sepasi","Fajr Sepasi"
"falkenbergs-ff","Falkenbergs FF"
"falkirk","Falkirk"
"far-rabat","FAR Rabat"
"fatih-karagumruk-istanbul","Fatih Karagümrük"
"fb-gulbene","FB Gulbene"
"fbc-melgar","FBC Melgar"
"fc-abus-ungheni","CF Ungheni"
"fc-academia-chisinau","FC Academia Chisinau"
"fc-academy-pandev","Akademija Pandev"
"fc-arges-pitesti","Argeș Pitești"
"fc-arsenal-tula","Arsenal Tula"
"fc-baia-zugdidi","FC Zugdidi"
"fc-barcelona","Barcelona"
"fc-bravos-do-maquis","FC Bravos DO Maquis"
"fc-brest","FC Brest"
"fc-carlos-stein","FC Carlos Stein"
"fc-chindia-targoviste","FC Chindia Târgovişte"
"fc-cincinnati","FC Cincinnati"
"fc-codru-lozova","FC Codru Lozova"
"fc-dallas","FC Dallas"
"fc-daugava","FC Daugava"
"fc-desna-chernihiv","FK Desna Chernihiv"
"fc-dinamo-batumi","FC Dinamo Batumi"
"fc-dnyapro-mogilev","FC Dnyapro Mogilev"
"fc-dordrecht","FC Dordrecht"
"fc-dunarea-calarasi","FC Dunărea Călăraşi"
"fc-edmonton","FC Edmonton"
"fc-emmen","FC Emmen"
"fc-energetik-bgu-minsk","FC Energetik-BGU Minsk"
"fc-famalicao","FC Famalicão"
"fc-floresti","FC Floreşti"
"fc-goa","FC Goa"
"fc-groningen","FC Groningen"
"fc-guria-lanchkhuti","FC Guria Lanchkhuti"
"fc-helsingoer","FC Helsingør"
"fc-infonet-tallinn","FC Infonet Tallinn"
"fc-inter","FC Inter"
"fc-juarez","FC Juárez"
"fc-jurmala","FC Jurmala"
"fc-kolkheti-1913-poti","FC Kolkheti-1913 Poti"
"fc-kolos-kovalivka","FC Kolos Kovalivka"
"fc-krasnodar","FC Krasnodar"
"fc-kuressaare","FC Kuressaare"
"fc-lahti","FC Lahti"
"fc-lubumbashi-sport","FC Lubumbashi sport"
"fc-luch-minsk","FC Luch Minsk"
"fc-lviv","FC Lviv"
"fc-maan","FC Ma'an"
"fc-masr","FC Masr"
"fc-merani-tbilisi","FC Merani Tbilisi"
"fc-metalurgi-rustavi","FC Rustavi"
"fc-midtjylland","FC Midtjylland"
"fc-milsami-orhei","FC Milsami Orhei"
"fc-minaj","FC Minaj"
"fc-minsk","FC Minsk"
"fc-mk","FC MK"
"fc-oleksandria","Oleksandriya"
"fc-olimpik-donetsk","Olimpik Donetsk"
"fc-pasching","FC Pasching"
"fc-platinum","FC Platinum"
"fc-porto","FC Porto"
"fc-pune-city","FC Pune City"
"fc-rapid-ghidighici","FC Rapid Ghidighici"
"fc-renaissance-du-congo","FC Renaissance du Congo"
"fc-ruh-brest","FC Ruh Brest"
"fc-samtredia","FC Samtredia"
"fc-saxan","FC Saxan"
"fc-seoul","FC Seoul"
"fc-sheriff","FC Sheriff"
"fc-shukura-kobuleti","FC Shukura Kobuleti"
"fc-simba-kolwezi","FC Simba"
"fc-skonto-riga","FC Skonto Riga"
"fc-spicul-chistareni","FC Spicul Chișcăreni"
"fc-struga-trim-lum","FC Struga Trim-Lum"
"fc-telavi","FC Telavi"
"fc-tokyo","FC Tokyo"
"fc-torpedo-moscow","FC Torpedo Moscow"
"fc-torpedo-ska-minsk","FC Torpedo Minsk"
"fc-twente","FC Twente"
"fc-ufa","FC Ufa"
"fc-ural","FC Ural"
"fc-utrecht","FC Utrecht"
"fc-vaduz","FC Vaduz"
"fc-vaslui","FC Vaslui"
"fc-veris","FC Veris"
"fc-voluntari","FC Voluntari"
"fc-wacker-innsbruck","FC Wacker Innsbruck"
"fc-zbrojovka-brno","FC Zbrojovka Brno"
"fc-zirka-kirovohrad","FK Zirka Kirovohrad"
"feirense","Feirense"
"fenerbahce","Fenerbahçe"
"fenix","Fénix"
"ferencvaros","Ferencváros"
"ferroviario-da-beira","Ferroviário da Beira"
"ferroviario-do-huambo","Ferroviário Do Huambo"
"feutcheu-fc-bandjoun","Feutcheu FC"
"feyenoord","Feyenoord"
"ff-jaro","FF Jaro"
"fh-hafnarfjordur","FH Hafnarfjordur"
"figueirense","Figueirense"
"finn-harps","Finn Harps"
"fiorentina","Fiorentina"
"firpo","L.A. Firpo"
"fk-arda-kardzhali","FC Arda Kardzhali"
"fk-atlantas-klaipeda","FK Atlantas"
"fk-backa-balanka","FK Bačka Palanka"
"fk-belasica-gc","FK Belasica Strumica"
"fk-bokelj","FK Bokelj"
"fk-borec-mhk","FK Borec Veles"
"fk-bregalnica-stip","FK Bregalnica Stip"
"fk-daugava-riga","Rigas Futbola skola"
"fk-donji-srem","FK Donji Srem"
"fk-drina-zvornik","FK Drina Zvornik"
"fk-gorno-lisice","FK Gorno Lisice"
"fk-gorodeya","FK Gorodeya"
"fk-gostivar","FK Gostivar"
"fk-guliston","FK Guliston"
"fk-haugesund","FK Haugesund"
"fk-indjija","FK Inđija"
"fk-inhulets-petrove","FK Inhulets' Petrove"
"fk-iskra","FK Iskra"
"fk-jelgava","FK Jelgava"
"fk-jezero-plav","FK Jezero Plav"
"fk-kaspiy-aktau","FK Kaspiy Aktau"
"fk-kom-podgorica","FK Kom Podgorica"
"fk-leotar","FK Leotar"
"fk-liepajas-metalurgs","FK Liepājas Metalurgs"
"fk-metalac-gm","FK Metalac"
"fk-metalurg-skopje","Fk Metalurg Skopje"
"fk-mladost-doboj-kakanj","FK Mladost Doboj Kakanj"
"fk-mladost-lucani","FK Mladost Lučani"
"fk-palanga","FK Palanga"
"fk-panevezys","FK Panevėžys"
"fk-pardubice","FK Pardubice"
"fk-pohronie","FK Pohronie"
"fk-proleter-novi-sad","FK Proleter Novi Sad"
"fk-radnik-surdulica","FK Radnik Surdulica"
"fk-rostov","FK Rostov"
"fk-rotor-volgograd","FK Rotor Volgograd"
"fk-sarajevo","FK Sarajevo"
"fk-senica","FK Senica"
"fk-silas","FK Šilas"
"fk-sileks-kratovo","FK Sileks"
"fk-skopje","FK Skopje"
"fk-slutsk","FK Slutsk"
"fk-spartak-subotica","FK Spartak Subotica"
"fk-spartaks","FK Spartaks"
"fk-tambov","FK Tambov"
"fk-tauras-taurage","FK Tauras Taurage"
"fk-teteks-tetovo","FK Teteks"
"fk-tosno","FK Tosno"
"fk-tsc-backa-topola","Topolski Sportski Club"
"fk-tukums-2000","FK Tukums 2000"
"fk-turnovo","FK Horizont Turnovo"
"fk-tuzla-city","FK Tuzla City"
"fk-utenis-utena","FK Utenis Utena"
"fk-vardar-skopje","Vardar Skopje"
"fk-vigvam-smolevichy","Smolevichy"
"fk-yenisey-krasnoyarsk","Yenisey Krasnoyarsk"
"fk-zemun","FK Zemun"
"fk-zlatibor-cajetina","FK Zlatibor Čajetina"
"fk-zvijezda-09","FK Zvijezda 09"
"flame-lilly","Flame Lilly"
"flamengo","Flamengo"
"flint-town-united","Flint Town United"
"flora-tallinn","Flora Tallinn"
"fluminense-rio-de-janeiro","Fluminense FC"
"foolad-khuzestan","Foolad Khuzestan"
"forest-rangers","Forest Rangers"
"fortaleza-fc","Fortaleza"
"fortuna-dusseldorf","Fortuna Düsseldorf"
"fortuna-sittard","Fortuna Sittard"
"fovu-club","Fovu de Baham"
"fox-villa-fc","FOX Villa FC"
"fredrikstad","Fredrikstad"
"free-state-stars","Free State Stars"
"freiburg","Freiburg"
"frosinone","Frosinone"
"fs-metta-lu","FS Metta/LU"
"fuerza-amarilla-sc","Fuerza Amarilla SC"
"fulham","Fulham"
"fus-rabat","FUS Rabat"
"fxamax","Vidima-Rakovski"
"gabes","Gabès"
"gaborone-united","Gaborone United"
"gabros-international","Ifeanyi Ubah United"
"gagauziya","Gagauziya"
"gahar-zagros","Gahar Zagros"
"gais","GAIS"
"gaitcha-fc","Gaitcha FCN"
"galatasaray","Galatasaray"
"galway-united","Galway United FC"
"gamba-osaka","Gamba Osaka"
"gangwon-fc","Gangwon FC"
"gateway-fc","Gateway FC"
"gaz-metan-medias","Gaz Metan Mediaş"
"gaziantep-bbk","Gazişehir Gaziantep FK"
"gaziantepspor","Gaziantepspor"
"gazovik-orenburg","FC Orenburg"
"gefle","Gefle"
"genclerbirligi","Gençlerbirligi"
"general-caballero","General Caballero"
"general-diaz","General Díaz"
"genk","KRC Genk"
"genoa","Genoa"
"gent","Gent"
"germinal-beerschot","Germinal Beerschot"
"getafe","Getafe"
"gfc-ajaccio","GFC Ajaccio"
"ghazl-el-mehalla","Ghazl El Mehalla"
"gif-sundsvall","GIF Sundsvall"
"gigira-laitepo","Gigira Laitepo"
"gil-vicente","Gil Vicente FC"
"gimnasia-la-plata","Gimnasia y Esgrima La Plata"
"girona","Girona"
"giwa-fc","Giwa FC"
"glenavon","Glenavon"
"glentoran","Glentoran"
"gloria-bistrita","Gloria Bistrita"
"go-ahead-eagles","Go Ahead Eagles"
"go-round","Go Round"
"godoy-cruz-antonio-tomba","Godoy Cruz Antonio Tomba"
"goias","Goiás"
"gokulam-fc","Gokulam Kerala Fc"
"gol-gohar-football-club","GOL Gohar Sirjan FC"
"gold-coast-united","Gold Coast United"
"gombe-united","Gombe United"
"gomel","Gomel"
"gorica","Gorica"
"gornik-leczna","Gornik Leczna"
"gornik-zabrze","Gornik Zabrze"
"gosk-gabela","GOŠK Gabela"
"gostaresh-foolad","Gostaresh Foolad"
"goztepe-as","Göztepe AŞ"
"gradina-srebrenik","Gradina Srebrenik"
"gran-valencia-maracay","Gran Valencia FC"
"granada","Granada"
"granit","Granit"
"granit-mikashevichi","Granit Mikashevichi"
"grasshopper-club-zuerich","Grasshopper Club Zürich"
"grbalj-radanovici","Grbalj Radanovici"
"great-olympics","Accra Great Olympics"
"green-buffaloes","Green Buffaloes"
"green-eagles","Green Eagles"
"gremio","Grêmio"
"gremio-prudente","Grêmio Prudente"
"grenoble","Grenoble"
"gresik-united-fc","Gresik United FC"
"greuther-furth","Greuther Fürth"
"grodig","Grödig"
"grombalia-sports","Grombalia Sports"
"guabira","Guabirá"
"guadalajara-chivas","Guadalajara"
"guadalupe-fc","Guadalupe FC"
"guairena-fc","Guaireña FC"
"guangzhou-evergrande","Guangzhou Evergrande"
"guangzhou-r-f-faca","Guangzhou R&F F.C."
"guarani-asuncion","Guaraní"
"guarani-fc-campinas","Guarani FC"
"guastatoya","Guastatoya"
"guaynabo-fluminense","Guaynabo Fluminense"
"guingamp","Guingamp"
"guizhou-hengfeng-zhicheng","Guizhou Hengfeng"
"guizhou-renhe","Beijing Renhe"
"gunners","Gunners"
"gwangju-fc","Gwangju FC"
"gyeongnam-fc","Gyeongnam FC"
"gyirmot-se","Gyirmót SE"
"gyori-eto","Györi ETO"
"ha-noi-tt","Ha Noi TT"
"hajduk-kula","Hajduk Kula"
"hajduk-split","Hajduk Split"
"hajer","Hajer FC Al-Hasa"
"haka","Haka"
"halcones-fc","Halcones FC"
"halmstads-bk","Halmstads BK"
"hamburger-sv","Hamburger SV"
"hamilton-academicals-fc","Hamilton Academical"
"hamilton-wanderers","Hamilton Wanderers Afc"
"hammam-sousse","Hammam-Sousse"
"hammarby","Hammarby IF"
"hangzhou-greentown","Hangzhou Greentown"
"hannover-96","Hannover 96"
"hapoel-ashkelon","Hapoel Ashkelon"
"hapoel-beer-sheva","Hapoel Be'er Sheva"
"hapoel-eran-hadera-fc","Hapoel Hadera"
"hapoel-haifa","Hapoel Haifa"
"hapoel-ironi-akko","Hapoel Ironi Akko"
"hapoel-kfar-saba","Hapoel Kfar Saba"
"hapoel-petah-tikva","Hapoel Petah Tikva FC"
"hapoel-raanana","Hapoel Ra'anana"
"hapoel-ramat-gan","Hapoel Ramat Gan"
"hapoel-rishon-lezion","Hapoel Rishon LeZion"
"hapoel-tel-aviv","Hapoel Tel Aviv"
"harare-city","Harare City"
"haras-el-hodood","Haras El-Hodood SC"
"harbin-yiteng","Harbin Yiteng"
"harbour-view-fc","Harbour View FC"
"hardbody","Hardbody"
"hasaacas","Hasaacas"
"haskovo-2009","Haskovo 2009"
"hassania-agadir","Hassania Agadir"
"hatayspor-kulubu","Hatayspor Kulübü"
"hatta","Hatta"
"haverfordwest-county","Haverfordwest County"
"hawkes-bay-united","Hawke's Bay United"
"hay-al-arab","Hay Al Arab"
"hay-al-wadi","Hay Al Wadi SC"
"hb-koge","HB Køge"
"heart-of-lions","Heart of Lions"
"heart-of-midlothian","Heart of Midlothian"
"heartland-fc","Heartland FC"
"hearts-of-oak","Hearts of Oak"
"hebei-cffc","Hebei CFFC"
"hekari-united","Hekari United"
"hellas-verona","Hellas Verona"
"helsingborg","Helsingborgs IF"
"henan-construction","Henan Construction"
"henderson-eels","Henderson Eels"
"heracles","Heracles"
"hercules","Hércules"
"hertha-berlin","Hertha BSC"
"hibernian","Hibernian"
"hienghene-sport","Hienghène Sport"
"hifk-helsinki","HIFK"
"highlanders","Highlanders"
"highlands-park","Highlands Park"
"highway","Highway"
"hilal-al-fasher","Hilal El-Fasher"
"hilal-al-obayed","Hilal Al-Obayed"
"hindustan-aero","Hindustan Aero"
"hire","Hiré"
"hispano","Hispano"
"hjk-helsinki","HJK Helsinki"
"hnk-gorica","HNK Gorica"
"hobro","Hobro"
"hoffenheim","Hoffenheim"
"honefoss","Hønefoss"
"honka","Honka"
"honved","Honvéd"
"horoya","Horoya AC"
"horsens","AC Horsens"
"houston-dynamo","Houston Dynamo"
"hoverla-uzhhorod","Hoverla Uzhhorod"
"how-mine","How Mine"
"hradec-kralove","Hradec Králové"
"hrvatski-dragovoljac","Hrvatski Dragovoljac"
"huachipato","Huachipato"
"huddersfield-town","Huddersfield Town"
"hull-city","Hull City"
"humble-lions-fc","Humble Lions FC"
"huracan","Huracán"
"hussein-dey","NA Hussein Dey"
"hwange","Hwange"
"ibanda-sport","Ibanda Sport"
"ifk-goteborg","IFK Göteborg"
"ifk-mariehamn","IFK Mariehamn"
"ikorodu-united","Ikorodu United"
"illichivets","FK Mariupol Illichivets'"
"ilukstes-nss","Ilukstes NSS"
"imbabura","Imbabura"
"incheon-united","Incheon United"
"indeni","Indeni FC"
"independiente-de-la-chorrera","Independiente de La Chorrera"
"independiente-del-valle-sangolqui","Independiente"
"independiente-fbc-asuncion","Independiente FBC (Campo Grande)"
"independiente-medellin","Independiente Medellín"
"independiente-nacional-san-vicente","Independiente FC"
"indios-ciudad-juarez","Indios"
"ingolstadt","Ingolstadt"
"institute-fc","Institute FC"
"inter-allies-fc","Inter Allies FC"
"inter-miami","Inter Miami CF"
"inter-milan","Inter Milan"
"interblock","Interblock"
"interclube","Interclube de Angola"
"internacional","Internacional"
"international-curtea-de-arges","Internaţional Curtea de Argeş"
"inverness-ct","Inverness CT"
"iraklis","Iraklis"
"ironi-kiryat-schmona","Ironi Kiryat Schmona"
"ironi-ramat-hasharon","Ironi Ramat HaSharon"
"irtysh-pavlodar","Irtysh Pavlodar"
"isidro-metapan","Isidro Metapán"
"iskra-stal","Iskra-Stal"
"isloch","Isloch"
"ismaily-sc","Ismaily SC"
"issia-wazi","Issia Wazi"
"istanbul-basaksehir","İstanbul Başakşehir"
"ittihad-al-ramtha","Ittihad Al-Ramtha"
"ittihad-el-shorta","Ittihad El-Shorta"
"ittihad-khemisset","Ittihad Zemouri de Khemisset"
"ittihad-tanger","Ittihad Tanger"
"iztapa","Iztapa"
"jablonec","Jablonec"
"jagiellonia-bialystok","Jagiellonia Białystok"
"jagodina","Jagodina"
"jaguares-chiapas","Jaguares Chiapas"
"jalapa","Jalapa"
"jangorzo","Jangorzo"
"javor","Javor"
"jazeerat-al-feel","Jazeerat Al Feel"
"jc-abidjan","JC Abidjan"
"jct-fc","JCT FC"
"jeanne-darc-de-bamako","Jeanne d'Arc de Bamako"
"jedinstvo","Jedinstvo BP"
"jef-united","JEF United"
"jeju-united","Jeju United"
"jeonbuk-fc","Jeonbuk FC"
"jiangsu-sainty","Jiangsu Suning FC"
"jigawa-golden-stars","Jigawa Golden Stars"
"jocoro-fc","Jocoro FC"
"joe-public","Joe Public"
"joenkoepings-soedra","Joenkoepings Soedra"
"johor-darul-takzim","Johor Darul Ta'zim FC"
"johvi-fc-lokomotiv","Johvi FC Lokomotiv"
"joinville-esporte-clube","Joinville EC"
"jomo-cosmos","Jomo Cosmos"
"jorge-wilstermann","Jorge Wilstermann"
"jose-galvez","José Gálvez"
"js-groupe-bazano","J.S. Groupe Bazano"
"js-kabylie","JS Kabylie"
"js-kairouanaise","JS Kairouanaise"
"js-saoura","JS Saoura"
"jsk-kinshasa","Jeunesse Sportive de Kinshasa"
"jsm-bejaia","JSM Béjaïa"
"jsm-laayoune","JSM Laâyoune"
"juan-aurich","Juan Aurich"
"jubilo-iwata","Júbilo Iwata"
"junior-managua","CD Junior Managua"
"juth-fc","JUTH FC"
"juticalpa","Juticalpa"
"juventud-de-las-piedras","Juventud de Las Piedras"
"juventud-escuintleca","Juventud Escuintleca"
"juventud-independiente","Juventud Independiente"
"juventud-retalteca","Juventud Retalteca"
"juventus-bucuresti","Juventus Bucureşti"
"juventus-fc-managua","Juventus Managua"
"juventus-turin","Juventus"
"jyvaskyla-jk","Jyvaskyla JK"
"kabasha","Kabasha"
"kabuscorp-palanca","Kabuscorp SCP"
"kabwe-warriors","Kabwe Warriors"
"kac-kenitra","KAC Kénitra"
"kacm-marrakech","KACM Marrakech"
"kada-city","Delta Force FC"
"kaduna-united-fc","Kaduna United FC"
"kairat-almaty","Kairat Almaty"
"kaisar","Kaisar Kyzylorda"
"kaiserslautern","Kaiserslautern"
"kaizer-chiefs","Kaizer Chiefs"
"kaliakra","Kaliakra"
"kalloni-lekanopedio","AEL Kalloni FC"
"kalmar-ff","Kalmar FF"
"kaloum-star","Kaloum Star"
"kalteng-putra","Kalteng Putra"
"kalulushi-modern-stars","Kalulushi Modern Stars"
"kalyani-bharat-fc","Kalyani Bharat FC"
"kano-pillars","Kano Pillars"
"kapaz","FC Kapaz"
"kapfenberger-sv","Kapfenberger SV"
"kaposvari-rakoczi","Kaposvári Rákóczi"
"karabukspor","Karabükspor"
"karela-united-fc","Karela United FC"
"karlovac","Karlovac"
"karmiotissa-pano-polemidion","Karmiotissa Pano Polemidion"
"karpaty","Karpaty Lviv"
"karvan","Karvan"
"kasba-tadla","JSK Chabab Kasba Tadla"
"kashima-antlers","Kashima Antlers"
"kashiwa-reysol","Kashiwa Reysol"
"kasimpasa","Kasımpaşa"
"katsina-united","Katsina United"
"kavala","Kavala"
"kawasaki-frontale","Kawasaki Frontale"
"kayserispor","Kayserispor"
"kazakhmys","Kazakhmys"
"kazseri-erciyesspor","Kayseri Erciyesspor"
"kcca-fc","KCCA FC"
"kecskemeti-te","Kecskeméti TE"
"kerala-blasters-fc","Kerala Blasters FC"
"keshla-fk","Keşlə Futbol Klubu"
"kf-tirana","KF Tirana"
"kfarsoum","Kfarsoum"
"khazar-lankaran-fk","Khazar Lankaran FK"
"khimki","Khimki"
"khonkaen","Khonkaen"
"khroub","Khroub"
"kiglon","Kiglon"
"kilmarnock","Kilmarnock"
"king-faisal","King Faisal"
"Kitchee","Kitchee"
"kitwe-united","Kitwe United"
"kiwi-fc-apia","Kiwi"
"kladno","Kladno"
"klaipedos-granitas","Klaipedos Granitas"
"klaksvikar-itrottarfelag-klaksvik","KÍ Klaksvík"
"kobenhavn","København"
"kokand-1912","Kokand 1912"
"koln","1. FC Köln"
"koloale","Koloale"
"kongsvinger","Kongsvinger"
"konkola-blades","Konkola Blades"
"konkola-mine-police","Konkola Mine Police"
"konyaspor","Konyaspor"
"koper","Koper"
"korona-kielce","Korona Kielce"
"kortrijk","Kortrijk"
"kosice","Košice"
"kotkan-tyovaen-palloilijat","FC KTP"
"kozara-gradiska","Kozara Gradiška"
"kpv","KPV"
"kristiansund-bk","Kristiansund BK"
"krsko-posavje","NK Krsko"
"krumkachy-minsk","Krumkachy Minsk"
"kruoja-pakruojis","Kruoja Pakruojis"
"krupa-na-vrbasu","FK Krupa"
"krylya-sovetov-samara","Krylya Sovetov Samara"
"kryvbas","Kryvbas"
"ks-fks-stal-mielec","FKS Stal Mielec"
"ks-rakow-czestochowa","KS Raków Częstochowa"
"ks-warta-poznan","KS Warta Poznań"
"kuando-kubango","PA Sambizanga"
"kuban-krasnodar","Kuban' Krasnodar"
"kukesi","Kukesi"
"kups","KuPS"
"kuwait-sc","Kuwait SC"
"kv-mechelen","KV Mechelen"
"kv-oostende","KV Oostende"
"kwara-united","Kwara United"
"kyoto-sanga","Kyoto Sanga"
"kyzylzhar","Kyzylzhar Petropavlovsk"
"la-equidad","La Equidad"
"la-horquetta-rangers","La Horquetta Rangers FC"
"la-paz","La Paz"
"la-serena","Deportes La Serena"
"la-union-pasaquina-fc","Pasaquina F.C."
"lae-city-dwellers","Lae City Dwellers"
"lamia","Lamia"
"lamontville-golden-arrows","Lamontville Golden Arrows"
"lanus","Lanús"
"larne-fc","Larne FC"
"las-palmas","Las Palmas"
"lask-linz","LASK Linz"
"lausanne","Lausanne"
"lausanne-sport","Lausanne Sport"
"lautoka","Lautoka"
"lazio","Lazio"
"ld-alajuelense","LD Alajuelense"
"ldu-de-quito","LDU de Quito"
"ldu-portoviejo","LDU Portoviejo"
"le-mans","Le Mans"
"lecce","Lecce"
"lech-poznan","Lech Poznań"
"lechia-gdansk","Lechia Gdańsk"
"leeds-united-afc","Leeds United"
"leganes","Leganes"
"legia-warszawa","Legia Warszawa"
"legon-cities-fc","Legon Cities FC"
"leicester-city","Leicester City"
"leixoes","Leixões"
"lekhwiya","Al-Duhail SC"
"lengthens","Lengthens"
"lens","Lens"
"leon","León"
"leon-de-huanuco","León de Huánuco"
"leones-colombia","Leones FC"
"leones-negros-udeg","Leones Negros U. de G."
"leopards-de-dolisie","Léopards de Dolisié"
"les-astres","Astres FC de Douala"
"levadia-tallinn","FCI Levadia Tallinn"
"levadiakos","Levadiakos"
"levante","Levante"
"levski-sofia","Levski Sofia"
"liaoning-hongyun","Liaoning Hongyun"
"libertad","Libertad"
"liberty-professionals","Liberty Professionals"
"lierse","Lierse"
"lietava-jonava","Lietava Jonava"
"liga-de-loja","Liga de Loja"
"liga-muculmana","Liga Muçulmana"
"likasi","Likasi"
"lille","Lille"
"lillestrom","Lillestrøm"
"lime-hotspurs","Lime Hotspurs"
"limerick","Limerick"
"limon","Limón"
"linfield","Linfield"
"lion-blesse-de-fotouni","Lion Blessé"
"litex-lovech","Litex Lovech"
"liverpool-fc-liverpool","Liverpool FC"
"liverpool-fc-montevideo","Liverpool"
"livingston-fc","Livingston FC"
"livorno","Livorno"
"llandudno-fc","Llandudno FC"
"llanelli","Llanelli"
"llaneros-de-guanare","Llaneros de Guanare"
"llb-academic","LLB Académic"
"lobi-stars","Lobi Stars"
"lobos-de-la-buap","Lobos B.U.A.P."
"lobos-upnfm","Lobos UPNFM"
"lodzki-ks","Łódzki KS"
"lokeren","Lokeren"
"lokomotiv-astana","Lokomotiv Astana"
"lokomotiv-gorna-oryahovitsa","Lokomotiv Gorna Oryahovitsa"
"lokomotiv-mezdra","Lokomotiv Mezdra"
"lokomotiv-moskva","Lokomotiv Moskva"
"lokomotiv-plovdiv","Lokomotiv Plovdiv"
"lokomotiv-sofia","Lokomotiv Sofia"
"lokomotiv-tashkent","Lokomotiv Tashkent"
"lokomotiva","Lokomotiva"
"lokomotivi-tbilisi","Lokomotivi Tbilisi"
"longford-town","Longford Town"
"lootus","Lootus"
"lorient","Lorient"
"los-angeles-fc","Los Angeles FC"
"los-angeles-galaxy","LA Galaxy"
"lovcen","Lovćen"
"lpta-tozeur","LPTA Tozeur"
"lucko","Lučko"
"lugano","Lugano"
"lumwana-radiants","Lumwana Radiants"
"lupe-ole-soaga","Lupe ole Soaga"
"lusaka-dynamos","Lusaka Dynamos"
"luzern","Luzern"
"lyn","Lyn"
"lyngby","Lyngby"
"lyon","Lyon"
"lys-sassandra","Lys Sassandra"
"lyubimets","Lyubimets"
"ma-pau","Ma Pau"
"maardu-linnameeskond","Maardu Linnameeskond"
"macara","Macará"
"maccabi-ahi-nazareth","Maccabi Ahi Nazareth"
"maccabi-haifa","Maccabi Haifa FC"
"maccabi-netanya","Maccabi Netanya"
"maccabi-petah-tikva","Maccabi Petah Tikva"
"maccabi-tel-aviv","Maccabi Tel Aviv"
"machine-sazi-tabriz","Machine Sazi FC"
"macva-sabac","Mačva Šabac"
"madang-fox","Madang"
"magenta","AS Magenta"
"maghreb-fes","Maghreb Fès"
"mahindra-united","Mahindra United"
"mainz-05","Mainz 05"
"makedonija-gjp","Makedonija GjP"
"malaga","Málaga"
"malampa-revivors-fc","Malampa Revivors FC"
"malavan","Malavan"
"malekesa","Malekesa"
"mallorca","Mallorca"
"malmo-ff","Malmö FF"
"mamelodi-sundowns-fc","Mamelodi Sundowns FC"
"managua-fc","Managua FC"
"manchester-city","Manchester City"
"manchester-united","Manchester United"
"maniema-union","Maniema Union"
"manisaspor","Manisaspor"
"mansheyat-bani-hasan","Mansheyat Bani Hasan"
"manta","Manta"
"manu-ura","Manu Ura"
"marathon","Marathón"
"marek-dupnitsa","Marek Dupnitsa"
"maribor","Maribor"
"marist","Marist"
"maritimo","CS Marítimo Madeira"
"maritzburg-united","Maritzburg United"
"mashal","Mash'al Muborak"
"masvingo-united","Masvingo United"
"matiti-mabe","Matiti Mabe"
"matsumoto-yamaga","Matsumoto Yamaga"
"mattersburg","Mattersburg"
"maverly-hughenden-fc","Maverly Hughenden FC"
"mayaguez","Mayagüez"
"mazatlan-fc","Mazatlán FC"
"mbabane-swallows","Mbabane Swallows"
"mc-alger","MC Alger"
"mc-el-eulma","MC El Eulma"
"mc-oran","MC Oran"
"mco-oujda","MCO Oujda"
"medeama-sc","Medeama SC"
"medimurje","Medimurje"
"melbourne-city-fc","Melbourne City FC"
"melbourne-victory","Melbourne Victory"
"merani-martvili","Merani Martvili"
"merikh-kosti","Merikh Kosti"
"merreikh-el-fasher","Merreikh El-Fasher"
"merreikh-nyala","Merreikh Nyala"
"mersin-idmanyurdu","Mersin İdmanyurdu"
"mes-kerman","Mes Kerman"
"mes-rafsanjan","Mes Rafsanjan"
"meshki-pooshan-siah-jamegan","Meshki Pooshan Football Club"
"metalist-kharkiv","Metalist Kharkiv"
"metalleghe-bsi-jajce","Metalleghe BSI"
"metallurg-bekobod","Metallurg Bekobod"
"metalurh-donetsk","Metalurh Donetsk"
"metalurh-zaporizhya","Metalurh Zaporizhya"
"metropolitanos-fc-caracas","Metropolitanos FC"
"metz","Metz"
"mezokovesd-zsory","Mezőkövesd-Zsóry"
"mfk-karvina","MFK Karviná"
"mfm-fc","MFM FC"
"mictlan","Mictlán"
"middlesbrough","Middlesbrough"
"miedz-legnica","Miedź Legnica"
"mighty-jets","Mighty Jets"
"millonarios","Millonarios"
"mineros-de-guayana","Mineros de Guayana"
"minnesota-united","Minnesota United"
"minyor-pernik","Minyor Pernik"
"mioveni","CS Mioveni"
"miramar-misiones","Miramar Misiones"
"misr-el-makasa","Misr El Makasa"
"mitra-kukar-kartanegara","Mitra Kukar"
"mjallby","Mjällby AIF"
"mjoendalen","Mjøndalen IF"
"mlada-boleslav","Mladá Boleslav"
"mladi-radnik","Mladi Radnik"
"mladost-cd","Mladost CD"
"mladost-velika","Mladost Velika"
"mnd-tabor-sezana","NK Tabor Sežana"
"mo-bejaia","MO Béjaia"
"moghreb-tetouan","Moghreb Tétouan"
"mogren","Mogren"
"mohammedan-sc","Mohammedan SC"
"mohun-bagan","Mohun Bagan"
"moik","MOIK"
"mol-vidi-fc","MOL Fehérvár FC"
"molde","Molde FK"
"molinos-el-pirata","Molinos El Pirata FC"
"molunge","Molunge"
"molynes-united","Molynes United FC"
"monaco","Monaco"
"monagas-sc","Monagas SC"
"monaghan-united","Monaghan United"
"monomatapa-united","Monomatapa United"
"mons","Mons"
"mont-bleu-congo-dr","Mont Bleu"
"mont-dore","Mont-Dore"
"montana","Montana"
"montedio-yamagata","Montedio Yamagata"
"montego-bay-united-fc","Montego Bay United"
"monterrey-rayados","Monterrey"
"montevideo-wanderers","Montevideo Wanderers"
"montpellier","Montpellier"
"montreal-impact","Montreal Impact"
"moossou-fc","Moossou FC"
"mordovia-saransk","Mordovia Saransk"
"moreirense","Moreirense"
"morelia-monarcas","Monarcas Morelia"
"mornar","Mornar"
"morobe-wawens","Morobe Wawens"
"moroka-swallows","Moroka Swallows"
"moskva","Moskva"
"motagua","Motagua"
"motema-pembe","Motema Pembe"
"motherwell","Motherwell"
"motor-action","Motor Action"
"mount-pleasant-academy","Mount Pleasant FC"
"mouscron-peruwelz","Mouscron-Péruwelz"
"mp-antalyaspor","MP Antalyaspor"
"mpumalanga-black-aces","Cape Town City FC"
"msp-batna","MSP Batna"
"mtk-budapest","MTK Budapest"
"muaither-sc","Muaither SC"
"muangthong-united","Muangthong United"
"mufulira-wanderers","Mufulira Wanderers"
"mugan","Muğan"
"mumbai-city-fc","Mumbai City FC"
"mumbai-fc","Mumbai FC"
"municipal-limeno","Municipal Limeño"
"mura-05","Mura 05"
"mushuc-runa","Mushuc Runa SC"
"muungano","Muungano"
"mypa","MyPa"
"nac-breda","NAC Breda"
"nacional-asuncion","Nacional Asunción"
"nacional-de-benguela","Nacional de Benguela"
"nacional-funchal","Nacional"
"nacional-montevideo","Nacional"
"nacional-potosi","Nacional Potosí"
"nadi-fc-fiji","Nadi"
"naft-masjed-soleyman-fc","Naft Masjed Soleyman FC"
"naft-tehran","Naft Tehran"
"nafta","Nafta"
"naftan-novopolotsk","Naftan Novopolotsk"
"nagoya-grampus-eight","Nagoya Grampus Eight"
"najran-sc","Najran SC"
"nakambala-leopards","Nakambala Leopards"
"nakhon-pathom","Nakhon Pathom"
"nakhon-ratchasima-fc","Nakhon Ratchasima FC"
"nalkutan-fc","Nalkutan FC"
"nancy","Nancy"
"nantes","Nantes"
"napredak","Napredak"
"napredok","Napredok"
"napsa-stars-fc","NAPSA Stars FC"
"nasaf-qarshi","Nasaf Qarshi"
"nasarawa-united","Nasarawa United"
"nashville-sc","Nashville SC"
"nassaji-mazandaran","Nassaji Mazandaran"
"national-assembly","National Assembly"
"nautico","Náutico"
"naval-1o-de-maio","Naval 1º de Maio"
"navbahor-namangan","Navbahor Namangan"
"nc-magra","NC Magra"
"nchanga-rangers","Nchanga Rangers"
"nd-triglav","ND Triglav"
"ndjadi","Ndjadi"
"ndoki-ya-ndombe","Ndoki ya Ndombe"
"nea-salamis","Nea Salamis"
"neath-athletic","Neath Athletic"
"nec-nijmegen","NEC Nijmegen"
"necaxa","Necaxa"
"necaxa-rayos","Necaxa"
"neftchi","Neftchi"
"neftci","Neftçi"
"neftochimic-1962","Neftochimic Burgas 1962"
"neman-grodno","Neman Grodno"
"nembe-city-fc","Nembe City FC"
"neroca-fc","North Eastern Re Organising Cultural Association"
"neuchatel-xamax","Neuchâtel Xamax"
"new-edubiase-fc","New Edubiase FC"
"new-england-revolution","New England Revolution"
"new-soger","New Soger"
"new-stars","New Stars"
"new-york-city-fc","New York City FC"
"new-york-red-bulls","New York Red Bulls"
"newcastle-jets","Newcastle United Jets"
"newcastle-united","Newcastle United"
"newells-old-boys","Newell's Old Boys"
"newry-city-afc","Newry City AFC"
"newtown","Newtown"
"nice","Nice"
"nigelec","NIGELEC"
"niger-tornadoes","Niger Tornadoes"
"niki-volos-fc","Niki Volou"
"nimes-olympique","Nîmes Olympique"
"nistru","Nistru"
"nitra","Nitra"
"njala-quan","Njala Quan"
"njube-sundowns","Njube Sundowns"
"nk-bravo","NK Bravo"
"nk-celje","NK Celje"
"nk-istra-1961","NK Istra 1961"
"nk-krka","NK Krka"
"nk-rudes","NK Rudeš"
"nk-varteks-varazdin","NK Varaždin"
"nk-zadar","NK Zadar"
"nk-zagreb","NK Zagreb"
"nk-zvijezda-gradacac","NK Zvijezda Gradacac"
"nkana-fc","Nkana FC"
"nkoy","Nkoy"
"nkoyi-bilombe","Nkoyi Bilombe"
"nkwazi","Nkwazi"
"nojom-el-mostabel","Nogoom FC"
"nomme-jk-kalju","Nomme JK Kalju"
"nord-sport","Nord Sport"
"nordsjaelland","Nordsjælland"
"norrkoping","Norrköping"
"north-queensland-fury","North Queensland Fury"
"northeast-united-fc","Northeast United FC"
"norwich-city","Norwich City"
"novara","Novara"
"novi-pazar","Novi Pazar"
"ns-mura","NŠ Mura"
"nublense","Ñublense"
"nurnberg","Nürnberg"
"nyiregyhaza-spartacus","Nyíregyháza Spartacus"
"obod","Obod"
"obolon","Obolon'"
"ocean-boys-fc","Ocean Boys FC"
"ocean-pacifique","Ocean Pacifique"
"ock-khouribga","OCK Khouribga"
"odds-ballklubb","Odds Ballklubb"
"odense-bk","Odense Boldklub"
"odra-wodzislaw","Odra Wodzisław"
"oestersunds-fk","Oestersunds FK"
"office-niger-sports","Office Niger Sports"
"ofi-crete","OFI Crete"
"ofk-beograd","OFK Beograd"
"ofk-mladost-ljekopolje","OFK Mladost Ljeskopolje"
"ofk-titograd-podgorica","OFK Titograd"
"ohiggins","O'Higgins"
"ohod","Ohod Saudi FC"
"oita-trinita","Oita Trinita"
"okzhetpes-kokshetau","Okzhetpes Kokshetau"
"olhanense","Olhanense"
"olimpia-asuncion","Olimpia"
"olimpia-balti-zaria","Zaria Bălți"
"olimpia-tegucigalpa","Olimpia"
"olimpija-ljubljana","Olimpija Ljubljana"
"olimpik-sarajevo","Olimpik Sarajevo"
"olimpo","Olimpo"
"olmedo","CD Olmedo"
"olympiakos-nicosia","Olympiakos Nicosia"
"olympiakos-piraeus","Olympiakos"
"olympiakos-volos","Olympiakos Volos"
"olympic-club","Olympic Club"
"olympic-club-de-safi","Olympic Club de Safi"
"olympic-el-qanah-fc","Olympic El Qanah FC"
"olympic-niamey","Olympic Niamey"
"olympique-beja","Olympique Béja"
"olympique-de-bamako","Olympique de Bamako"
"olympique-de-medea","Olympique de Medea"
"olympique-de-missira","Olympique de Missira"
"olympique-du-kef","Olympique du Kef"
"olympique-marseille","Marseille"
"omiya-ardija","Omiya Ardija"
"omonia-nicosia","Omonia Nicosia"
"once-caldas","Once Caldas"
"once-municipal","Once Municipal"
"ongc-fc","ONGC FC"
"onze-createurs","Onze Créateurs"
"ordabasy-shymkent","Ordabasy Shymkent"
"orduspor","Orduspor"
"orebro","Örebro"
"orense-sc","Orense SC"
"orgryte","Örgryte"
"oriente-petrolero","Oriente Petrolero"
"orion","Orión"
"orlando-city","Orlando City"
"orlando-pirates","Orlando Pirates"
"osasuna","Osasuna"
"osijek","Osijek"
"osmanlispor-ankaraspor","Osmanlıspor FK"
"osotspa-saraburi-fc","Samut Prakan City"
"oster","Öster"
"otelul-galati","Oţelul Galaţi"
"othellos-athienou-fc","Othellos Athienou FC"
"otmk-olmaliq","FK AGMK"
"oud-heverlee","Oud-Heverlee"
"oulu","Oulu"
"ouragahio","Ouragahio"
"pachuca","CF Pachuca"
"pacifico","Pacífico"
"pacos-de-ferreira","Paços de Ferreira"
"paderborn","SC Paderborn 07"
"padideh-fc","Padideh F.C."
"paernu-linnameeskond","Paernu Linnameeskond"
"pafos-fc","Pafos FC"
"paide-linnameeskond","Paide Linnameeskond"
"pakhtakor-tashkent","Pakhtakor Tashkent"
"paksi-se","Paksi SE"
"palermo","Palermo"
"palestino","Palestino"
"palmeiras","Palmeiras"
"panaitolikos","Panetolikos"
"panathinaikos","Panathinaikos"
"pandurii-targu-jiu","Pandurii Târgu Jiu"
"panionios","Panionios"
"panserraikos","Panserraikos"
"panthere","Panthère"
"panthrakikos-komotini","Panthrakikos Komotini"
"paok-thessaloniki-fc","PAOK Thessaloniki FC"
"papa","Pápa"
"papua-new-guinea-u20","Papua New Guinea U20"
"paradou-ac","Paradou AC"
"parana-clube","Paraná Clube"
"paris-saint-germain","Paris Saint-Germain"
"parma","Parma Calcio 1913"
"parnu-jk-vaprus","Pärnu JK Vaprus"
"parrillas-one","Parrillas One"
"pars-jonoubi-jam-bushehr","Pars Jonoubi Jam"
"partick-thistle","Partick Thistle"
"partizan-beograd","Partizan Beograd"
"partizan-minsk","Partizan Minsk"
"partizani-tirana","Partizani Tirana"
"pas-giannina","PAS Giannina"
"pas-hamedan","Pas Hamedan"
"patriotas-boyaca","Patriotas Boyacá"
"patronato-de-parana","Patronato de Parana"
"pattaya-united","Pattaya United"
"paykan-fc","Paykan F.C."
"pec-zwolle","PEC Zwolle"
"pecsi-mfc","Pécsi MFC"
"pelister","Pelister"
"pelita-bandung-raya","Pelita Bandung Raya"
"penafiel","Penafiel"
"penarol","Peñarol"
"penybont-fc","Penybont FC"
"perez-zeledon","Pérez Zeledón"
"persebaya-surabaya","Persebaya Surabaya"
"persela-lamongan","Persela Lamongan"
"persema-malang","Persema Malang"
"persepam-madura-united","Madura United"
"persepolis","Persepolis"
"perseru-serui","Perseru Badak Lampung"
"persib-bandung","Persib Bandung"
"persiba-balikpapan","Persiba Balikpapan"
"persidafon","Persidafon"
"persija-jakarta","Persija Jakarta"
"persijap-jepara","Persijap Jepara"
"persijatim-sriwijaya-fc-palembang","Sriwijaya FC"
"persik-kediri","Persik Kediri"
"persipura-jayapura","Persipura Jayapura"
"persiraja-aceh","Persiraja Aceh"
"persiram-raja-ampat","Persiram Raja Ampat"
"persita-tangerang","Persita Tangerang"
"persitara-jakarta","Persitara Jakarta"
"persiwa-wamena","Persiwa Wamena"
"perth-glory","Perth Glory"
"pescara","Pescara"
"petro-atletico","Atletico Petro Luanda"
"petro-souths","Petro Souths"
"petrojet","Petrojet"
"petrolul-ploiesti","Petrolul Ploieşti"
"petrovac","Petrovac"
"petrzalka","Petržalka"
"pfc-ludogorets-razgrad","PFC Ludogorets 1945 Razgrad"
"pfc-sochi","PFC Sochi"
"philadelphia-union","Philadelphia Union"
"piast-gliwice","Piast Gliwice"
"pirae-tahiti","Pirae"
"pirin-blagoevgrad","Pirin Blagoevgrad"
"pirin-gotse-delchev","Pirin Gotse Delchev"
"pk-35-vantaa","PK-35 Vantaa"
"platanias","Platanias"
"plateau-united","Plateau United"
"platense","Platense"
"platinum-stars","Platinum Stars"
"plaza-colonia","Plaza Colonia"
"pobeda","Pobeda"
"podbeskidzie-bielsko-biala","Podbeskidzie Bielsko-Biala"
"podbrezova","Podbrezová"
"pogon-szczecin","Pogoń Szczecin"
"pohang-steelers","Pohang Steelers"
"point-fortin-fc","Point Fortin FC"
"police-fc-saint-james","Police FC"
"police-niamey","Police"
"police-united-fc","Police United FC"
"politehnica-iasi","Politehnica Iaşi"
"polokwane-city","Polokwane City"
"polonia-bytom","Polonia Bytom"
"polonia-warszawa","Polonia Warszawa"
"ponte-preta","Ponte Preta"
"porcelana-fc","Porcelana FC"
"port-talbot","Port Talbot"
"portadown-fc","Portadown FC"
"porthmadog","Porthmadog"
"portimonense","Portimonense"
"portland-timbers","Portland Timbers"
"portmore-united","Portmore United FC"
"portsmouth","Portsmouth"
"portuguesa-fc-acarigua","Portuguesa FC"
"portuguesa-sao-paulo","Portuguesa"
"power-dynamos","Power Dynamos"
"prachuap-fc","Prachuap FC"
"prestatyn-town-fc","Prestatyn Town FC"
"pretoria-university","Pretoria University"
"pribram","Příbram"
"primorje","Primorje"
"prison-leopards","Prison Leopards"
"progresso-da-lunda-sul","Progresso da Lunda Sul"
"progresso-sambizanga","Progresso Associação do Sambizanga"
"ps-kemi","PS Kemi"
"ps-tira","TIRA-Persikabo"
"psis-semarang","PSIS"
"psm-makassar","PSM Makassar"
"psms-medan","PSMS"
"psps-pekanbaru","PSPS Pekanbaru"
"pss-sleman","PSS Sleman"
"psv-eindhoven","PSV Eindhoven"
"ptt-rayong-fc","PTT Rayong FC"
"puaikura","Puaikura"
"puebla","Club Puebla"
"puerto-rico-islanders","Puerto Rico Islanders"
"puerto-rico-united","Puerto Rico United"
"pumas-unam","Pumas UNAM"
"pune-fc","Pune FC"
"punjab-fc-minerva","Punjab Football Club"
"puntarenas-fc","Puntarenas FC"
"pusamania-borneo-fc","Pusamania Borneo FC"
"puskas-fc","Puskás FC"
"pwd-bamenda","Pwd Bamenda"
"pyramids-fc","Pyramids FC"
"qabala","Qäbälä"
"qarabag","Qarabağ"
"qatar-sc","Qatar SC"
"qingdao-huanghai-fc","Qingdao Huanghai FC"
"qingdao-jonoon","Qingdao Jonoon"
"qizilqum-zarafshon","Qizilqum Zarafshon"
"queens-park-rangers","Queens Park Rangers"
"quelaton","Quelaton"
"queretaro-gallos","Querétaro"
"quilmes","Quilmes"
"rabotnicki","Rabotnički"
"racing-beirut","Racing Beirut"
"racing-club-abidjan","Racing Club d'Abidjan"
"racing-club-avellaneda","Racing Club"
"racing-club-montevideo","Racing Club"
"racing-de-casablanca","Racing de Casablanca"
"racing-santander","Racing Santander"
"rad-beograd","Rad Beograd"
"radnicki-1923-kragujevac","Radnički 1923 Kragujevac"
"radnicki-nis","Radnički Niš"
"radnik-bijeljina","Radnik Bijeljina"
"radomlje","Radomlje"
"rah-ahan","Rah Ahan"
"raja-beni-mellal","Raja Beni Mellal"
"raja-casablanca","RCA Raja Casablanca Athletic"
"rakvere-jk-tarvas","Rakvere JK Tarvas"
"ramonense-po","Ramonense PO"
"rampla-juniors","Rampla Juniors"
"ranchers-bees","Ranchers Bees"
"randers-fc","Randers FC"
"rangdajied-united","Rangdajied United"
"rangers-glasgow","Rangers"
"rangers-talca","Rangers"
"ranheim","Ranheim"
"rapid-bucuresti","Rapid Bucureşti"
"rapid-wien","Rapid Wien"
"rapide-club-oued-zem","Rapide Club Oued Zem"
"rasenballsport-leipzig","RasenBallsport Leipzig"
"ratchaburi-fc","Ratchaburi FC"
"rayo-vallecano","Rayo Vallecano"
"rc-arbaa","RC Arbaâ"
"rc-bafoussam","RC Bafoussam"
"rc-kinshasa","RC Kinshasa"
"rc-relizane","RC Relizane"
"rc-strasbourg","RC Strasbourg"
"reading","Reading"
"real-betis","Real Betis"
"real-cartagena","Real Cartagena"
"real-espana","Real España"
"real-esteli","Real Estelí"
"real-juventud","Real Juventud"
"real-kashmir","Real Kashmir FC"
"real-madrid","Real Madrid"
"real-madriz-fc","Real Madriz"
"real-mamore","Real Mamoré"
"real-potosi","Real Potosí"
"real-salt-lake","Real Salt Lake"
"real-santa-cruz-bolivia","Real Santa Cruz"
"real-sociedad-colon","Real Sociedad"
"real-sociedad-san-sebastian","Real Sociedad"
"real-tamale","Real Tamale"
"real-zaragoza","Real Zaragoza"
"recreativo-da-caala","Recreativo da Caála"
"recreativo-do-libolo","Recreativo do Libolo"
"red-arrows","Red Arrows"
"red-bull-bragantino","Red Bull Bragantino SP"
"reims","Reims"
"remo-stars","Remo Stars"
"renaissance-de-ngoumou","Renaissance de Ngoumou"
"rennes","Rennes"
"reno-fc","Reno FC"
"renova","Renova"
"rentistas","Rentistas"
"revan-baku","Revan Baku"
"rewa","Rewa"
"rhyl","Rhyl"
"ried","Ried"
"riga-fc","Riga FC"
"rijeka","Rijeka"
"rio-abajo","Río Abajo"
"rio-ave","Rio Ave"
"rising-stars","Rising Stars"
"river-plate-buenos-aires","River Plate"
"river-plate-montevideo","River Plate"
"river-plate-puerto-rico","River Plate PR"
"rivoli-united-fc","Rivoli United"
"rizespor","Rizespor"
"rkc-waalwijk","RKC Waalwijk"
"rnk-split","RNK Split"
"roan-united","Roan United"
"roda-jc-kerkrade","Roda JC Kerkrade"
"roeselare","Roeselare"
"rojolu","Rojolu"
"roma","Roma"
"rops-rovaniemi","RoPS Rovaniemi"
"rosario-central","Rosario Central"
"rosenborg","Rosenborg BK"
"ross-county","Ross County"
"roumde-adjia","Roumde Adjia"
"royal-antwerp","Royal Antwerp"
"royal-excel-mouscron-peruwelz","Royal Excel Mouscron Péruwelz"
"royal-pari","Royal Pari"
"royal-wahingdoh","Royal Wahingdoh"
"rsb-berkane","RSB Berkane"
"rubin-kazan","Rubin Kazan"
"rubio-nu","Rubio Ñú"
"ruch-chorzow","Ruch Chorzów"
"rudar-pljevlja","Rudar Pljevlja"
"rudar-prijedor","Rudar Prijedor"
"rudar-velenje","Rudar Velenje"
"rukh-vynnyky","Rukh Vynnyky"
"ruzomberok","Ružomberok"
"saba-qom","Saba Qom"
"sabah-fk-azerbaijan","Sabah FK"
"sabana-de-mopti","Sabana de Mopti"
"sabe","Sabé"
"sable-batie","Sable Batié"
"saburtalo","Saburtalo"
"sacachispas-chiquimula","Sacachispas Chiquimula"
"sagan-tosu","Sagan Tosu"
"sageata-navodari","Săgeata Năvodari"
"sagrada-esperanca","Sagrada Esperança"
"sahab-sc","Sahab SC"
"sahel","Sahel"
"saida","Saïda"
"saint-clement","Saint-Clément"
"saint-eloi-lupopo","Saint-Eloi Lupopo"
"saint-etienne","Saint-Étienne"
"saint-george-kedus-giorgis","Saint George"
"saint-luc","Saint-Luc"
"saipa","Saipa FC"
"salam-zgharta","Salam Zgharta"
"salgaocar","Salgaocar"
"salzburg","Red Bull Salzburg"
"sampdoria","Sampdoria"
"samsunspor","Samsunspor"
"samut-songkram","Samut Songkram"
"san-carlos","Deportiva San Carlos"
"san-francisco-fc","San Francisco FC"
"san-jose","San José"
"san-jose-earthquakes","San Jose Earthquakes"
"san-juan-fc","San Juan FC"
"san-juan-jabloteh","San Juan Jabloteh"
"san-lorenzo","San Lorenzo"
"san-luis-de-quillota","San Luis"
"san-luis-fc-san-luis","San Luis FC"
"san-marcos","San Marcos"
"san-martin-san-juan","San Martín San Juan"
"san-pedro-fc-civ","San Pedro"
"san-simon","San Simon"
"sanat-naft","Sanat Naft Abadan"
"Sandals South Coast","Sandals South Coast"
"sandecja-nowy-sacz","Sandecja Nowy Sącz"
"sandefjord","Sandefjord Football"
"sandnes","Sandnes"
"sanfrecce-hiroshima","Sanfrecce Hiroshima"
"sanga-balende","Sanga Balende"
"sangju-sangmu","Sangju Sangmu"
"santa-cruz","Santa Cruz"
"santa-fe","Santa Fe"
"santa-gema-fc","Santa Gema FC"
"santa-lucia-cotzumalguapa","Santa Lucia Cotzumalguapa"
"santa-rita-de-cassia","Santa Rita de Cássia FC"
"santa-tecla-fc","Santa Tecla FC"
"santiago-morning","Santiago Morning"
"santiago-wanderers","Santiago Wanderers"
"santo-andre","Santo André"
"santos-cape-town","Santos"
"santos-de-angola","Santos de Angola"
"santos-de-guapiles","Santos de Guápiles"
"santos-fc-sao-paulo","Santos FC"
"santos-laguna","Santos Laguna"
"sao-paulo","São Paulo"
"sapovnela","Sapovnela"
"saraburi-fc","Saraburi FC"
"sarpsborg-08","Sarpsborg 08"
"sassuolo","Sassuolo"
"saturn","Saturn"
"saurimo-fc","Saurimo FC"
"sc-bastia","SC Bastia"
"sc-dnipro-1","SC Dnipro-1"
"sc-farense","SC Farense"
"sc-heerenveen","SC Heerenveen"
"schalke-04","Schalke 04"
"scorpion-fc-de-be","Scorpion FC de Bé"
"sd-atletico-nacional","SD Atletico Nacional"
"sd-eibar","Eibar"
"sd-huesca","SD Huesca"
"seattle-sounders-fc","Seattle Sounders FC"
"seinaejoen-jk","Seinaejoen JK"
"sektzia-nes-tziona","Sektzia Ness Ziona FC"
"semen-padang","Semen Padang"
"seongnam-ilhwa","Seongnam FC"
"sepahan","Sepahan"
"sepidrood-rasht","Sepidrood Rasht SC"
"sepsi-osk","Sepsi OSK"
"septemvri-sofia","FK Septemvri Sofia"
"servette","Servette"
"sevastopol","Sevastopol"
"sevilla","Sevilla"
"sevilla-fc-puerto-rico","Sevilla FC Puerto Rico"
"sewe","Séwé"
"sfc-opava","Opava"
"sfintul-gheorghe","Sfîntul Gheorghe"
"sfk-sered","ŠKF Sereď"
"shabab-al-aqaba-club","Shabab Al-Aqaba Club"
"shabab-al-ghazieh","Shabab AL Ghazieh SC"
"shabab-al-ordon-club","Shabab Al-Ordon Club"
"shabab-al-sahel","Shabab Al Sahel"
"shabab-el-bourj","Shabab El Bourj SC"
"shabail","Səbail FK"
"shabanie-mine","Shabanie Mine"
"shahin-bushehr","Shahin Bushehr FC"
"shahrdari-tabriz","Shahrdari Tabriz"
"shakhtar-donetsk","Shakhtar Donetsk"
"shakhter-karagandy","Shakhter Karagandy"
"shakhtyor-soligorsk","Shakhtyor Soligorsk"
"shamrock-rovers","Shamrock Rovers"
"shandong-luneng","Shandong Luneng"
"shanghai-east-asia-fc","Shanghai SIPG FC"
"shanghai-shenhua","Shanghai Shenhua"
"shanghai-shenxin","Shanghai Shenxin"
"shark-xi","Shark XI"
"sharks","Sharks"
"sheffield-united-fc","Sheffield United FC"
"shelbourne","Shelbourne"
"shenzhen-shangqingyin","Shenzhen FC"
"shijiazhuang-yongchang","Shijiazhuang Ever Bright"
"shillong-lajong-fc","Lajong SC"
"shimizu-s-pulse","Shimizu S-Pulse"
"shkendija-79","KF Shkendija"
"shkupi-skopje","Shkupi Skopje"
"shonan-bellmare","Shonan Bellmare"
"shooting-stars-harare","Shooting Stars"
"shooting-stars-ibadan","Shooting Stars"
"shortan-guzor","Shortan Guzor"
"siam-navy","Siam Navy FC"
"siauliai","Siauliai"
"sibenik","Šibenik"
"sibir-novosibirsk","Sibir Novosibirsk"
"siena","Siena"
"sigma-olomouc","SK Sigma Olomouc"
"sigui","Sigui"
"silkeborg","Silkeborg"
"sillamae-kalev","Sillamäe Kalev"
"simba","Simba SC"
"simurq","Simurq"
"singhtarua-fc-thai-port","Port F.C."
"sint-truiden","Sint-Truiden"
"siofok","Siófok"
"sion","Sion"
"sioni-bolnisi","FC Sioni Bolnisi"
"siquinala-fc","Siquinalá FC"
"sirius","Sirius"
"siroki-brijeg","Široki Brijeg"
"sisaket-fc","Sisaket FC"
"sivasspor","Sivasspor"
"sk-babite","SK Babīte"
"ska-khabarovsk","SKA-Khabarovsk"
"skalica","Skalica"
"skenderbeu","Skenderbeu"
"skn-sankt-polten","SKN Sankt Pölten"
"slask-wroclaw","Śląsk Wrocław"
"slaven","Slaven"
"slavia-mozyr","Slavia-Mozyr"
"slavia-prague","Slavia Prague"
"slavia-sofia","Slavia Sofia"
"slavija-sarajevo","Slavija Sarajevo"
"sligo-rovers","Sligo Rovers"
"sliven","Sliven"
"sloboda-tuzla","Sloboda Tuzla"
"sloboda-uzice","Sloboda Užice"
"slovacko","Slovácko"
"slovan-bratislava","Slovan Bratislava"
"slovan-liberec","Slovan Liberec"
"smederevo","Smederevo"
"smorgon","Smorgon"
"smouha-sc","Smouha SC"
"so-armee","SO Armée"
"sochaux","Sochaux"
"social-sol","Social Sol"
"sociedad-deportiva-aucas","Aucas"
"socozaki","Socozaki"
"sofapaka","Sofapaka"
"sogdiyona-jizzax","Sogdiyona Jizzax"
"sogndal","Sogndal"
"sol-de-america","Sol de América"
"sol-fc-abobo","SOL FC"
"solomon-warriors","Solomon Warriors FC"
"sonderjyske","SønderjyskE"
"songkhla-united-fc","Songkhla United FC"
"south-end","South End"
"southampton","Southampton"
"southern-united","Southern United"
"spal-2013","SPAL 2013"
"sparta-prague","Sparta Prague"
"sparta-rotterdam","Sparta Rotterdam"
"spartak-moskva","Spartak Moskva"
"spartak-myjava","Spartak Myjava"
"spartak-nalchik","Spartak Nal'chik"
"spartak-semey","Spartak Semey"
"spartak-trnava","Spartak Trnava"
"speranta-crihana","Speranţa Crihana"
"sport-ancash","Sport Áncash"
"sport-boys","Sport Boys"
"sport-boys-warnes","Sport Boys Warnes"
"sport-colombia","Sport Colombia"
"sport-huancayo","Sport Huancayo"
"sport-loreto","Sport Loreto"
"sport-recife","Sport Recife"
"sport-rosario","Sport Rosario (Huaraz)"
"sportif-de-chebba","Sportif de Chebba"
"sporting","Sporting"
"sporting-central-academy","Sporting Central Academy"
"sporting-charleroi","Sporting Charleroi"
"sporting-clube-de-goa","Sporting Clube de Goa"
"sporting-cristal","Sporting Cristal"
"sporting-de-cabinda","Sporting de Cabinda"
"sporting-fingal","Sporting Fingal"
"sporting-gagnoa","Sporting Gagnoa"
"sporting-gijon","Sporting Gijón"
"sporting-kansas-city","Sporting Kansas City"
"sporting-san-jose","Sporting San José FC"
"sporting-san-miguelito","Sporting San Miguelito"
"sportist-svoge","Sportist Svoge"
"sportive-de-djerba","Sportive de Djerba"
"sportivo-luqueno","Sportivo Luqueño"
"sportivo-trinidense","Sportivo Trinidense"
"sportul-studentesc","Sportul Studentesc"
"spyris-kaunas","FK Kauno Zalgiris"
"sriracha","Sriracha"
"ssc-napoli","SSC Napoli"
"st-george-kedus-giorgis","St. George"
"st-patricks","St Patrick's"
"st-pauli","St. Pauli"
"sta-gallen","FC St. Gallen 1879"
"sta-johnstone","St. Johnstone"
"sta-mirren","St. Mirren"
"stabaek","Stabæk"
"stade-dabidjan","Stade d'Abidjan"
"stade-gabesien","Stade Gabésien"
"stade-malien-bamako","Stade Malien Bamako"
"stade-malien-sikasso","Stade Malien Sikasso"
"stade-renard-melong","Stade Renard de Melong"
"stade-tunisien","Stade Tunisien"
"stal-dneprodzhezhinsk","Stal Kamianske"
"standard","Standard"
"standard-liege","Standard Liège"
"start","Start"
"steaua-bucuresti","Steaua Bucureşti"
"steel-azin","Steel Azin"
"stella-club","Stella Club"
"stellenbosch-vasco-da-gama-cape-town","Stellenbosch FC"
"stjarnan-fc","Stjarnan"
"stoke-city","Stoke City"
"stromsgodset","Strømsgodset"
"stumbras-kaunas","FC Stumbras"
"sturm-graz","Sturm Graz"
"suchitepequez","Suchitepéquez"
"sud-america","Sud América"
"suduva","Suduva Marijampole"
"sukhothai-fc","Sukhothai FC"
"sumqayit","Sumqayıt"
"sunderland","Sunderland"
"sunkar","Sunkar"
"sunshine-stars","Sunshine Stars"
"supersport-united","Supersport United"
"suphanburi-fc","Suphanburi FC"
"surkhon-termez","Surkhon-2011"
"sutjeska","Sutjeska"
"suva","Suva"
"suwon-bluewings","Suwon Bluewings"
"suwon-city","Suwon City"
"sv-roeselare","SV Roeselare"
"svetkavitsa","Svetkavitsa"
"swansea-city","Swansea City"
"sydney-fc","Sydney FC"
"syrianska","Syrianska"
"szolnoki-mav","Szolnoki MÁV"
"szombathelyi-haladas","Szombathelyi Haladás"
"t-tec","T&TEC"
"tacuarembo","Tacuarembó"
"tacuary","Tacuary"
"tadamon-sour","AL Tadamon Sour"
"tafea","Tafea FC"
"talinna-kalev","Talinna Kalev"
"talleres-cordoba","Talleres de Cordoba"
"tallinna-jk-legion","Tallinna JK Legion"
"tamme-auto","Tamme Auto"
"tammeka","Tammeka"
"tampere-united","Tampere United"
"tampereen-ilves","Ilves"
"tanta","Tanta"
"taraba","Taraba"
"taraz","Taraz"
"targu-mures","Târgu Mureş"
"tasman-united","Tasman United"
"tatran-presov","Tatran Prešov"
"tauro-fc","Tauro FC"
"tavriia","Tavriia"
"team-wellington","Team Wellington"
"techiman-eleven-wonders","Eleven Wonders FC"
"tecnico-universitario","Técnico Universitario"
"tefana","Tefana"
"telephonaat-beni-suef","Telephonaat Beni Suef"
"tema-youth","Tema Youth"
"tempete","Tempête"
"tenerife","Tenerife"
"teplice","Teplice"
"terek-grozny","FK Akhmat Grozny"
"termalica-bruk-bet-nieciecza","Termalica Nieciecza"
"thai-honda","Thai Honda"
"that-ras-club","That Ras Club"
"the-new-saints","The New Saints"
"the-strongest","The Strongest"
"thun","Thun"
"tianjin-quanjian","Tianjin Tianhai"
"tianjin-teda","Tianjin Teda"
"tiare-tahiti","Tiare Tahiti"
"tigre","Tigre"
"tigres-fc-expreso-rojo","Tigres FC"
"tigres-uanl","Tigres UANL"
"tijuana-xolos","Club Tijuana"
"tiko-united","Tiko United"
"timisoara","Timişoara"
"tiraspol","Tiraspol"
"tivoli-gardens-fc","Tivoli Gardens"
"tlemcen","Tlemcen"
"tobago-united","Tobago United"
"tobol-kostanay","Tobol Kostanay"
"togo-port","Togo-Port"
"tokushima-vortis","Tokushima Vortis"
"tolima","Tolima"
"toluca","Toluca FC"
"tom-tomsk","Tom' Tomsk"
"tondela","Tondela"
"tonnerre-kalara","Tonnerre Kalara Club"
"torino","Torino"
"tornados-de-humacao","Tornados de Humacao"
"toronto-fc","Toronto FC"
"torpedo-kutaisi","Torpedo Kutaisi"
"torpedo-zhodino","Torpedo Zhodino"
"tot","TOT"
"total-chalaco","Total Chalaco"
"tottenham-hotspur","Tottenham Hotspur"
"toulouse","Toulouse"
"township-rollers","Township Rollers"
"tp-mazembe","TP Mazembe"
"trabzonspor","Trabzonspor"
"tractor-sazi","Tractor Sazi"
"traku-fk","FK Riteriai"
"trans-narva","Narva Trans"
"trat-fc","Trat FC"
"trau-fc","TRAU F.C."
"travnik","Travnik"
"trelleborg-ff","Trelleborgs FF"
"trencin","Trenčín"
"triangle-fc","Triangle FC"
"tripoli-sc","Tripoli AC"
"tripple-b","Tripple B"
"tromsoe-il","Tromsø IL"
"troyes","Troyes"
"trujillanos-fc","Trujillanos FC"
"ts-galaxy","TS Galaxy"
"tsarsko-selo","FC Tsarsko Selo Sofia 2015"
"tshakhuma-fc","Tshakhuma FC"
"tshinkunku","Tshinkunku"
"tsholotsho","Tsholotsho"
"tskhinvali","FC Tskhinvali"
"tsv-hartberg","TSV Hartberg"
"ttm-chiangmai","TTM Chiangmai"
"tucanes-fc","Tucanes FC"
"tukoko-university","Tukoko University"
"tulevik-viljandi","Tulevik Viljandi"
"tupapa-maraerenga","Tupapa Maraerenga"
"turan-tovuz","Turan Tovuz"
"turku-ps","Turku PS"
"turnu-severin","Turnu Severin"
"ubon-umt-fc","Ubon UMT FC"
"ucd-university-college-dublin-football-club","University College Dublin"
"udinese","Udinese"
"ues","UES"
"ujpest","Újpest"
"ulsan-hyundai","Ulsan Hyundai"
"umm-salal","Umm-Salal"
"unan-managua","UNAN Managua"
"underhill","Underhill"
"uniao-da-madeira","Uniao da Madeira"
"uniao-de-leiria","União de Leiria"
"uniao-sport-clube-do-uige","Uniao Sport Clube do Uige"
"uniautonoma","Uniautónoma FC"
"union-comercio","Unión Comercio"
"union-de-loum","UMS de Loum"
"union-espanola","Unión Española"
"union-la-calera","Unión La Calera"
"union-san-felipe","Unión San Felipe"
"union-santa-fe","Unión Santa Fe"
"union-sportive-douala","Union Sportive de Douala"
"union-st-gilloise","Union St.-Gilloise"
"unirea-alba-iulia","Unirea Alba Iulia"
"unirea-urziceni","Unirea Urziceni"
"unisport-du-haut-nkam","Unisport FC Du Haut-Nkam"
"united-petrotrin","United Petrotrin"
"united-sikkim-fac","United Sikkim F.C"
"united-sports-club-prayang","United Sports Club"
"universidad-catolica-quito","Universidad Católica"
"universidad-catolica-santiago","Universidad Católica"
"universidad-cesar-vallejo","Universidad César Vallejo"
"universidad-concepcion","Universidad Concepción"
"universidad-de-chile","Universidad de Chile"
"universidad-de-costa-rica","La U Universitarios"
"universidad-de-san-carlos","Universidad de San Carlos"
"universidad-san-martin-de-porres","Universidad San Martín de Porres"
"universitario-de-deportes","Universitario de Deportes"
"universitario-pando-cobija","Universitario de Cobija"
"universitario-sucre","Universitario"
"universitatea-cluj","Universitatea Cluj"
"universitatea-craiova","Universitatea Craiova"
"universite-ngaoundere","Université Ngaoundéré"
"urana","Urana"
"urawa-red-diamonds","Urawa Red Diamonds"
"urena-sc","Urena SC"
"us-biskra","US Biskra"
"us-bitam","US Bitam"
"us-monastir","US Monastir"
"us-tataouine","US Tataouine"
"usfas-bamako","USFAS Bamako"
"usgn","USGN"
"usm-alger","USM Alger"
"usm-bel-abbes","USM Bel Abbès"
"usm-blida","USM Blida"
"usm-el-harrach","USM El Harrach"
"usti-nad-labem","Ústí nad Labem"
"uta-btrana-doamn","AFC UTA Arad"
"uwi-fc","UWI FC"
"v-varen-nagasaki","V-Varen Nagasaki"
"valencia","Valencia"
"valencia-de-leogane","Valencia de Leogane"
"valenciennes","Valenciennes"
"valerenga","Vålerenga"
"valladolid","Real Valladolid"
"valmieras-fk","Valmiera FK"
"vancouver-whitecaps","Vancouver Whitecaps"
"varbergs-bois","Varbergs BoIS"
"varda-se","Varda SE"
"vasas-budapest","Vasas Budapest"
"vasco-da-gama-rio-de-janeiro","Vasco da Gama"
"vegalta-sendai","Vegalta Sendai"
"vejle-boldklub","Vejle Boldklub"
"velez-mostar","Velež Mostar"
"velez-sarsfield","Vélez Sarsfield"
"vendsyssel-ff","Vendsyssel FF"
"ventforet-kofu","Ventforet Kofu"
"ventspils","Ventspils"
"venus-tahiti","Venus"
"veracruz-tiburones","Tiburones Rojos de Veracruz"
"verdes-fc","Verdes FC"
"vere-united-fc","Vere United FC"
"veres-rivne","Veres Rivne"
"vereya","Vereya"
"veria-fc","Veria FC"
"vestsjaelland","Vestsjælland"
"veti-club","Veti Club"
"vfb-stuttgart","VfB Stuttgart"
"viborg","Viborg"
"victoria-branesti","Victoria Branesti"
"victoria-la-ceiba","Victoria"
"victoria-masvingo","Victoria"
"viitorul-constanta","Viitorul Constanţa"
"viking","Viking FK"
"viktoria-plzen","Viktoria Plzeň"
"viktoria-zizkov","Viktoria Žižkov"
"villa-espanola","Villa Espanola"
"villa-teresa","Villa Teresa"
"villarreal","Villarreal"
"virunga","Virunga"
"vissel-kobe","Vissel Kobe"
"vista-hermosa","Vista Hermosa"
"vita-club","Vita Club"
"vitebsk","FK Vitebsk"
"vitesse","Vitesse"
"vitez","Vitez"
"vitoria-guimaraes","Vitória Guimarães"
"vitoria-salvador","Vitória"
"vitoria-setubal","Vitória Setúbal"
"vitosha-bistritsa","Vitosha Bistritsa"
"vointa-sibiu","Voinţa Sibiu"
"vojvodina","Vojvodina"
"volga-nyzhnyi","Volga Nyzhnyi"
"volos-nfc","Volos New Football Club"
"volyn","Volyn"
"vorskla","Vorskla Poltava"
"vostok","Vostok"
"vozdovac","Voždovac"
"vps","VPS"
"vutuka","Vutuka"
"vvv","VVV-Venlo"
"vysocina-jihlava","Vysočina Jihlava"
"w-connection-fc","W Connection FC"
"waasland-beveren","Waasland-Beveren"
"wad-hashim-sennar","Wad Hashim SC Sennar"
"wadi-degla-fc","Wadi Degla FC"
"waikato-fc","WaiBOP United"
"waitakere-united","Waitakere United"
"wanderers-sc","Wanderers SC"
"warrenpoint-town","Warrenpoint Town"
"warri-wolves-fc","Warri Wolves FC"
"warrior","Warrior"
"wassaman-united","Wassaman United"
"Waterford FC","Waterford FC"
"waterford-united","Waterford United FC"
"waterhouse-fc-kingston","Waterhouse FC"
"watford","Watford"
"wellington-phoenix","Wellington Phoenix"
"wellington-phoenix-reserves","Wellington Phoenix Reserves"
"welshpool-town","Welshpool Town"
"werder-bremen","Werder Bremen"
"west-africa-football-academy","Sogakope WAFA"
"west-brom","West Brom"
"west-ham-united","West Ham United"
"westerlo","Westerlo"
"western-sydney","Western Sydney"
"western-united-fc","Western United FC"
"wexford-youths","Wexford Youths"
"whawha","WhaWha"
"widzew-lodz","Widzew Łódz"
"wiener-neustadt","Wiener Neustadt"
"wigan-athletic","Wigan Athletic"
"wikki-tourist","Wikki Tourist"
"wiliete-sc","Wiliete SC"
"willem-ii","Willem II"
"williamsville-athletic-club","Williamsville Athletic Club"
"wisla-krakow","Wisła Kraków"
"wisla-plock-sa","Wisła Płock"
"wit-georgia-tbilisi","WIT Georgia Tbilisi"
"wolfsberger-ac","Wolfsberger AC"
"wolfsburg","Wolfsburg"
"wolverhampton-wanderers","Wolverhampton Wanderers"
"wsg-swarovski-wattens-tirol","WSG Swarovski Tirol"
"wuachon-united","Wuachon United"
"wuhan-zall","Wuhan Zall"
"wws-rangers","WWS Rangers"
"wydad-casablanca","Wydad Casablanca"
"wydad-fes","Wydad Fès"
"xanthi","Xanthi FC"
"xelaju","Xelajú"
"xinabajul","Xinabajul"
"xorazm","Xorazm"
"yafoot-fc-yaounde-2","Yafoot FC Yaounde 2"
"yanbian","Yanbian"
"yaracuyanos-fc","Yaracuyanos FC"
"yeni-malatyaspor","Yeni Malatyaspor"
"yobe-desert-stars","Yobe Desert Stars"
"yokohama-fa-marinos","Yokohama F. Marinos"
"yokohama-fc","Yokohama FC"
"yopougon-fc","Yopougon FC"
"young-africans-dar-es-salaam","Young Africans"
"young-boys","Young Boys"
"young-green-eagles","Young Green Eagles"
"young-heart-manawatu","Young Heart Manawatu"
"young-sport-academy","Young Sport Academy Bamenda"
"zacapa","Zacapa"
"zaglebie-lubin","Zagłębie Lubin"
"zaglebie-sosnowiec-sa","Zagłębie Sosnowiec"
"zalaegerszegi-te","Zalaegerszegi TE"
"zalgiris-vilnius","Zalgiris Vilnius"
"zamfara-united-fc","Zamfara United FC"
"zamora-fc","Zamora FC"
"zanaco","Zanaco"
"zapresic","Zaprešić"
"zarzis","Zarzis"
"zavrc","Zavrč"
"zawisza-bydgoszcz","Zawisza Bydgoszcz"
"zeljeznicar","Željezničar"
"zemplin-michalovce","Zemplin Michalovce"
"zenit-petersburg","Zenit St. Petersburg"
"zesco-united","ZESCO United"
"zestafoni","Zestafoni"
"zeta","Zeta"
"zhetysu-taldykorgan","Zhetysu Taldykorgan"
"zilina","Žilina"
"zimbabwe-saints","Zimbabwe Saints"
"zimbru","Zimbru"
"zira","Zirə"
"zlate-moravce","Zlate Moravce"
"zlin","FC Fastav Zlin"
"znojmo","Znojmo"
"zob-ahan","Zob Ahan Isfahan FC"
"zorya","Zorya Luhansk"
"zpc-kariba","ZPC Kariba"
"zrinjski-mostar","Zrinjski Mostar"
"zulia","Zulia"
"zulte-waregem","Zulte Waregem"
"zumunta","Zumunta"
"zurich","Zürich"
"1-fc-union-berlin","1. FC Union Berlin"
"12-de-octubre-de-itaugua","12 de Octubre de Itaugua"
"1o-de-agosto","1º de Agosto"
"1o-de-maio","1º de Maio"
"2-de-mayo","2 de Mayo"
"3-de-febrero","3 de Febrero"
